station_id,station_name,stop_lon,stop_lat,geometry,NB_VALD,JOUR,nb_lignes_fer
IDFM:412687,Pernety,2.31835868317536,48.83412120037293,POINT (649964.4699978973 6859556.749999358),7619.0,2025-04-14,1
IDFM:412697,Noisy-le-Grand - Mont d'Est,2.550026754158765,48.84088525041221,POINT (666974 6860187),25244.0,2025-04-14,1
IDFM:412992,Boucicaut,2.287856446222868,48.84107325733669,POINT (647732.4999956976 6860349.499998134),8531.0,2025-04-14,1
IDFM:415852,Hôtel de Ville,2.351776579459136,48.85746999227153,POINT (652438.7499508952 6862132.249959459),31384.0,2025-04-14,2
IDFM:422067,Le Val d'Or,2.2165513289937904,48.85625374079433,POINT (642516 6862086.9607000025),2691.0,2025-04-14,1
IDFM:422420,Viroflay Rive Droite,2.1676545647835206,48.805472581494975,POINT (638868.9068000019 6856477.500000001),2670.0,2025-04-14,1
IDFM:422776,Essonnes Robinson,2.463295818844443,48.60581740091332,POINT (660430.7927000001 6834092.0458),236.0,2025-04-14,1
IDFM:424296,Gare de Villiers Neauphle Pontchartrain,1.877535784941356,48.81532337552301,POINT (617578.132600002 6857836.4487),767.0,2025-04-14,1
IDFM:424396,Ivry-sur-Seine,2.391677280020743,48.8139591342409,POINT (655329 6857271.000000001),4018.0,2025-04-14,1
IDFM:425779,Les Sablons,2.271904762259129,48.88129083793358,POINT (646603 6864832),19743.0,2025-04-14,1
IDFM:426280,Rosny Bois Perrier,2.480801849809587,48.88289421537817,POINT (661923.9877830562 6864889.289197135),8950.0,2025-04-14,2
IDFM:426280,Rosny Bois Perrier,2.480801849809587,48.88289421537817,POINT (661923.9877830562 6864889.289197135),2615.0,2025-04-14,2
IDFM:427230,Robinson,2.281364769669608,48.78023982792202,POINT (647194.5 6853590),6272.0,2025-04-14,1
IDFM:461505,Châtillon-Montrouge,2.3016565820231976,48.81073980724782,POINT (648715.5000009829 6856967.749998247),20884.0,2025-04-14,1
IDFM:462934,Ozoir-la-Ferrière,2.690116190500944,48.77076716837013,POINT (677225.2694000006 6852341.160100003),2807.0,2025-04-14,1
IDFM:463564,Bastille,2.369048487542216,48.85291940963131,POINT (653701.9485804694 6861615.9999082945),30759.0,2025-04-14,3
IDFM:463754,Sèvres Rive Gauche,2.215079572125279,48.82121360785643,POINT (642369.2867999971 6858192.000000001),1181.0,2025-04-14,1
IDFM:473829,Bir-Hakeim,2.2893485473490305,48.85390482281953,POINT (647854.8500014984 6861775.2499987),21388.0,2025-04-14,1
IDFM:474149,Château Landon,2.362031514557011,48.87844602475876,POINT (653210.0000000866 6864458.499999912),4721.0,2025-04-14,1
IDFM:474150,La Muette,2.2740962446697224,48.85809196689865,POINT (646740 6862251.000000002),8618.0,2025-04-14,1
IDFM:474152,Porte Dauphine,2.2777210335666034,48.871565955611615,POINT (647019.6500209911 6863746.749994746),6492.0,2025-04-14,1
IDFM:478505,Juvisy,2.383334629403869,48.68970940912314,POINT (654608.5 6843461.499999998),23352.0,2025-04-14,2
IDFM:478855,Étampes,2.1598724308074213,48.43710702434922,POINT (637861.6685996202 6815533.704187311),2847.0,2025-04-14,2
IDFM:478860,Villejuif - Gustave Roussy,2.349242973685248,48.79323850572557,POINT (652194.0000000007 6854991.999999915),4783.0,2025-04-14,1
IDFM:478883,Porte de Clignancourt,2.344685686142838,48.89754170634836,POINT (651955.4700013794 6866592.249998214),20604.0,2025-04-14,1
IDFM:478885,Le Peletier,2.340178509581356,48.87490559985584,POINT (651603.9999978781 6864077.99999951),7592.0,2025-04-14,1
IDFM:478926,Auber,2.3296591495793595,48.8723488407182,POINT (650830.0402000025 6863800.205700001),23377.0,2025-04-14,1
IDFM:479068,Etienne Marcel,2.3489761968791085,48.86370301202431,POINT (652239 6862826.999999998),6965.0,2025-04-14,1
IDFM:479928,Buzenval,2.401170769368413,48.85176243983227,POINT (656058 6861469),5060.0,2025-04-14,1
IDFM:482368,Havre-Caumartin,2.3275874140853463,48.87361018543076,POINT (650679.2750127339 6863941.749995971),14458.0,2025-04-14,2
IDFM:483315,Bagneux - Lucie Aubrac,2.3174789014519965,48.80353934589705,POINT (649870.4999997416 6856156.9999998035),8810.0,2025-04-14,1
IDFM:488087,Nanterre-La-Folie,2.226568794458685,48.89758132477412,POINT (643296 6866675.000000001),5010.0,2025-04-14,1
IDFM:490779,Serge Gainsbourg,2.427162415882436,48.88123055247157,POINT (657988.999999992 6864731.499999974),4739.0,2025-04-14,1
IDFM:490782,La Dhuys,2.4651362637660235,48.87804725437748,POINT (660771.5000010182 6864357.99999974),5206.0,2025-04-14,1
IDFM:490783,Coteaux Beauclair,2.4673990524359377,48.88210429294412,POINT (660940.4999991355 6864807.999999443),2803.0,2025-04-14,1
IDFM:490784,Saint-Denis - Pleyel,2.345816775967013,48.91882330708285,POINT (652057.999991232 6868957.999997429),6623.0,2025-04-14,1
IDFM:492980,Pont de l'Alma,2.3003592740110994,48.86247496310803,POINT (648671.2013000026 6862720.9558999995),7842.0,2025-04-14,1
IDFM:59403,Angerville,2.0037505377493314,48.3116056195036,POINT (626139.0004418977 6801719.499896769),198.0,2025-04-14,1
IDFM:59420,Boigneville,2.378618440416535,48.341208632507616,POINT (653956.5 6804725),41.0,2025-04-14,1
IDFM:59429,Monnerville,2.032496711110358,48.34861020605319,POINT (628320.5000422273 6805805.645470478),23.0,2025-04-14,1
IDFM:59447,Buno - Gironville,2.387254108315933,48.37149489082515,POINT (654622.5 6808086.1955),43.0,2025-04-14,1
IDFM:59450,Guillerval,2.059702980484185,48.374270890771015,POINT (630369.9999969164 6808633.272264567),18.0,2025-04-14,1
IDFM:59470,Maisse,2.393493661032251,48.39367132989446,POINT (655103.5 6810547.499999998),156.0,2025-04-14,1
IDFM:59531,Saint-Martin d'Étampes,2.145258831307165,48.42748765080825,POINT (636769.2712000012 6814476.118600002),454.0,2025-04-14,1
IDFM:59565,Boutigny,2.3767454804181263,48.43442542513416,POINT (653899.5 6815086.999999999),152.0,2025-04-14,1
IDFM:59661,La Ferté-Alais,2.352260197381972,48.4855007310595,POINT (652135 6820778.817600001),298.0,2025-04-14,1
IDFM:59678,Étréchy,2.1947692381982216,48.49387742150091,POINT (640507 6821817.000000002),815.0,2025-04-14,1
IDFM:59734,Gare de Chamarande,2.2151562718541644,48.51405318948937,POINT (642035.5 6824044.5),159.0,2025-04-14,1
IDFM:59761,Lardy,2.255014220399748,48.52062055349796,POINT (644986 6824746.000000001),421.0,2025-04-14,1
IDFM:59825,Ballancourt,2.3700930488013845,48.53101531216478,POINT (653493.0983000025 6825827.500000001),426.0,2025-04-14,1
IDFM:59830,Bouray,2.290077813743244,48.53290340283496,POINT (647587.5 6826087.500000001),1577.0,2025-04-14,1
IDFM:59836,Dourdan,2.0087424391542505,48.53374839632352,POINT (626819.0428008658 6826405.166666435),995.0,2025-04-14,2
IDFM:59842,Sermaise,2.069088468619773,48.535687624993614,POINT (631276.5 6826566.500000002),83.0,2025-04-14,1
IDFM:59843,Dourdan la Forêt,1.996005688002604,48.53542058733677,POINT (625881.1484000012 6826602.920100002),10.0,2025-04-14,1
IDFM:59882,Saint-Chéron,2.1249767315730463,48.55093774535708,POINT (635421 6828214.5),361.0,2025-04-14,1
IDFM:59940,Breuillet Village,2.170354257290333,48.56433413404574,POINT (638785.5 6829667.499999999),461.0,2025-04-14,1
IDFM:59948,Marolles-en-Hurepoix,2.290908349251896,48.56564453550255,POINT (647681.5 6829726.5),1575.0,2025-04-14,1
IDFM:59953,Le Coudray-Montceaux,2.492424499497774,48.56619819315809,POINT (662550 6829673.500000002),88.0,2025-04-14,1
IDFM:59984,Mennecy,2.4319348900260658,48.57054850948166,POINT (658090.5 6830187.500000001),1037.0,2025-04-14,1
IDFM:60006,Le Plessis Chenet,2.479522291008497,48.57358727886637,POINT (661603.4755999967 6830501.1072),36.0,2025-04-14,1
IDFM:60028,Breuillet - Bruyères-le-Châtel,2.1922487394356454,48.57760979436327,POINT (640416 6831126.5),441.0,2025-04-14,1
IDFM:60052,Égly,2.2234625238542307,48.582715781664064,POINT (642724 6831670.999999999),522.0,2025-04-14,1
IDFM:60072,Arpajon,2.2412169696111426,48.58599680822646,POINT (644037 6832023.000700001),1657.0,2025-04-14,1
IDFM:60084,Moulin Galant,2.473444919964576,48.58688228073328,POINT (661165 6831982.034699999),625.0,2025-04-14,1
IDFM:60115,La Norville - Saint-Germain-lès-Arpajon,2.266215906699314,48.59111916474817,POINT (645886 6832574.999999998),610.0,2025-04-14,1
IDFM:60124,Villabé,2.461533386360794,48.592814943454,POINT (660291 6832647.4754),145.0,2025-04-14,1
IDFM:60247,Brétigny,2.30195738288606,48.60664906621052,POINT (648537.0000000001 6834277.5),8252.0,2025-04-14,1
IDFM:60309,Corbeil-Essonnes,2.472467657639279,48.61323864277619,POINT (661112.5 6834912.5),5476.0,2025-04-14,1
IDFM:60422,Le Bras de Fer,2.4520047548737254,48.62330639719716,POINT (659611.8508000001 6836042),2690.0,2025-04-14,1
IDFM:60450,Évry - Courcouronnes,2.430032909521453,48.62588794663492,POINT (657994.5888999999 6836340.453999998),12397.0,2025-04-14,1
IDFM:60450,Évry - Courcouronnes,2.430032909521453,48.62588794663492,POINT (657994.5888999999 6836340.453999998),1477.0,2025-04-14,1
IDFM:60454,Gazeran,1.7731940019010892,48.6260300992092,POINT (609589.9999835739 6836906.999894713),459.0,2025-04-14,1
IDFM:60522,Évry - Val de Seine,2.4523091616356028,48.63439299320402,POINT (659642.8346000016 6837274.3462000005),1069.0,2025-04-14,1
IDFM:60536,Saint-Michel-sur-Orge,2.3068029676156123,48.635615525211605,POINT (648922.5 6837494.5),4659.0,2025-04-14,1
IDFM:60542,Orangis Bois de l'Épine,2.40769076622141,48.6363396147683,POINT (656356.764700003 6837514.486299998),3269.0,2025-04-14,1
IDFM:60665,Rambouillet,1.8324180995233337,48.64399537698486,POINT (613983.750962455 6838837.874379336),6320.0,2025-04-14,2
IDFM:60785,Sainte-Geneviève-des-Bois,2.3129608959702024,48.65295347339147,POINT (649393 6839418.000000001),5181.0,2025-04-14,1
IDFM:60797,Grigny Centre,2.39678605544789,48.65484195083382,POINT (655569 6839577.500000001),7468.0,2025-04-14,1
IDFM:60839,Ris-Orangis,2.414997460834355,48.659057463386254,POINT (656913.8467999995 6840036.057200002),1094.0,2025-04-14,1
IDFM:60915,Épinay-sur-Orge,2.332043500451718,48.6693475106473,POINT (650814 6841228.5),6189.0,2025-04-14,1
IDFM:60915,Épinay-sur-Orge,2.332043500451718,48.6693475106473,POINT (650814 6841228.5),684.0,2025-04-14,1
IDFM:60981,Viry-Châtillon,2.387021960013403,48.67590783936994,POINT (654868 6841924.999999998),2301.0,2025-04-14,1
IDFM:60987,Savigny-sur-Orge,2.352354180405684,48.67639468866699,POINT (652316 6841999.499999999),7694.0,2025-04-14,1
IDFM:61094,Souppes - Château-Landon,2.7358697259911766,48.18117871674994,POINT (680368.6582999974 6786790.6745),722.0,2025-04-14,1
IDFM:61145,Bagneaux-sur-Loing,2.7040329448732985,48.22938980618883,POINT (678022.5 6792157.077599998),86.0,2025-04-14,1
IDFM:61218,Nemours-Saint-Pierre,2.684998530622815,48.26866997776731,POINT (676626.4923981156 6796528.135865739),1478.0,2025-04-14,2
IDFM:61318,Bourron-Marlotte - Grez,2.6918764214147592,48.33245103346405,POINT (677164.5 6803614.999999999),162.0,2025-04-14,1
IDFM:61410,Moret - Veneux-les-Sablons,2.8007612259141674,48.37817146499898,POINT (685246.916580196 6808670.850274001),1237.0,2025-04-14,2
IDFM:61412,La Grande-Paroisse,2.896902458012003,48.37863280606578,POINT (692365.9715000018 6808708.499999999),28.0,2025-04-14,1
IDFM:61414,Montereau,2.942074717373183,48.37954602148932,POINT (695710.8999977799 6808806.5945090605),3437.0,2025-04-14,2
IDFM:61423,Saint-Mammès,2.8165069781821246,48.38264713480063,POINT (686414.0000898227 6809165.499929009),364.0,2025-04-14,2
IDFM:61450,Vernou-sur-Seine,2.842149995140084,48.38667549692297,POINT (688313.5261000023 6809609.154499999),29.0,2025-04-14,1
IDFM:61480,Thomery,2.764187149192088,48.39428183783365,POINT (682544.0618999973 6810469.000000001),190.0,2025-04-14,1
IDFM:61537,Champagne-sur-Seine,2.798915754907682,48.40726498949764,POINT (685118.4999771306 6811904.999990506),306.0,2025-04-14,2
IDFM:61579,Fontainebleau - Avon,2.7267714301455577,48.41666609873135,POINT (679783.0001052574 6812965.999978555),6417.0,2025-04-14,2
IDFM:61630,Vulaines-sur-Seine - Samoreau,2.752898337073854,48.43046104852704,POINT (681721 6814493.000000001),50.0,2025-04-14,1
IDFM:61658,Héricy,2.760750768911634,48.44272124429534,POINT (682306 6815853.999999999),44.0,2025-04-14,1
IDFM:61727,Bois-le-Roi,2.6915425677622515,48.475798273222544,POINT (677201.9999822074 6819548.499993731),1163.0,2025-04-14,2
IDFM:61763,Chartrettes,2.695269130824033,48.48701587175729,POINT (677482.2400000021 6820794.368700001),38.0,2025-04-14,1
IDFM:61767,Fontaine-le-Port,2.750465255041539,48.48734840615557,POINT (681561 6820817.018399999),45.0,2025-04-14,1
IDFM:61826,Livry-sur-Seine,2.678943943121165,48.510288065207455,POINT (676286.4327000007 6823386.0978000015),104.0,2025-04-14,1
IDFM:61850,Vosves,2.5994097381795305,48.51507609100275,POINT (670414.6909999996 6823945.1844),29.0,2025-04-14,1
IDFM:61858,Longueville,3.2500508642546726,48.513780276990325,POINT (718467.8333163001 6823755.33332663),681.0,2025-04-14,2
IDFM:61926,Melun,2.6544950536214125,48.52751467481155,POINT (674488.9999121815 6825308.666605776),17616.0,2025-04-14,3
IDFM:61943,Boissise-le-Roi,2.57179291425262,48.52985734002498,POINT (668384 6825599),134.0,2025-04-14,1
IDFM:61961,Sainte-Colombe Septveilles,3.2553403241826864,48.52915312687445,POINT (718852.9658999965 6825465.473400001),92.0,2025-04-14,1
IDFM:61976,Ponthierry - Pringy,2.5445365646399507,48.535084951085466,POINT (666374.9437000006 6826191.375199999),395.0,2025-04-14,1
IDFM:62003,Le Mée,2.6255537322060074,48.538746730738936,POINT (672358 6826566.999999999),2367.0,2025-04-14,1
IDFM:62064,Champbenoist Poigny,3.2866300417033125,48.54520762505785,POINT (721156.7436000034 6827258.085600001),199.0,2025-04-14,1
IDFM:62139,Provins,3.302334202203228,48.55553092379296,POINT (722311.5 6828410.000000001),744.0,2025-04-14,1
IDFM:62168,Nangis,3.012177957825429,48.5617195064875,POINT (700898.5986000001 6829055.320300003),1097.0,2025-04-14,1
IDFM:62172,Saint-Fargeau,2.5426100742385285,48.56502608446919,POINT (666252 6829520.576799999),78.0,2025-04-14,1
IDFM:62176,Cesson,2.5946150549367304,48.56486314053174,POINT (670089 6829481.5),1591.0,2025-04-14,1
IDFM:62290,Savigny-le-Temple - Nandy,2.583935976093432,48.59548998563483,POINT (669319 6832890.297299999),5069.0,2025-04-14,1
IDFM:62351,Mormant,2.88807855133882,48.61409277056721,POINT (691749.690200001 6834883.4015999995),588.0,2025-04-14,1
IDFM:62412,Lieusaint - Moissy,2.569507070898012,48.62833648393033,POINT (668274.9156000018 6836547.543400002),6995.0,2025-04-14,1
IDFM:62471,Verneuil-l'Étang,2.825083962015835,48.64438940351837,POINT (687113.5 6838260),822.0,2025-04-14,1
IDFM:62558,Combs-la-Ville - Quincy,2.5476998823085504,48.667819721800015,POINT (666693 6840946),6072.0,2025-04-14,1
IDFM:62596,Boussy-Saint-Antoine,2.533195809235637,48.68087387117553,POINT (665633.5243000016 6842403.516399999),4569.0,2025-04-14,1
IDFM:62804,Le Perray,1.8566531860615936,48.69336112490438,POINT (615848.5 6844299.499999999),706.0,2025-04-14,1
IDFM:62825,La Hacquinière,2.1516106103390045,48.69529954845245,POINT (637559.0042999983 6844241.2036),747.0,2025-04-14,1
IDFM:62851,Bures-sur-Yvette,2.1643461393269345,48.69621022314541,POINT (638497.3685000017 6844332.450899998),1719.0,2025-04-14,1
IDFM:62890,Gif-sur-Yvette,2.13649439862523,48.698175579920274,POINT (636450 6844572.999999999),1658.0,2025-04-14,1
IDFM:62892,Orsay Ville,2.1808087044597166,48.6975077019159,POINT (639710.436499998 6844464),4821.0,2025-04-14,1
IDFM:62951,Courcelle-sur-Yvette,2.097722386795541,48.70131367727702,POINT (633600.6682000011 6844953.7748),756.0,2025-04-14,1
IDFM:62978,Saint-Rémy-lès-Chevreuse,2.071385742904064,48.70273269647272,POINT (631664.4768999964 6845134.000000001),1835.0,2025-04-14,1
IDFM:63025,Le Guichet,2.1929739951487424,48.705497380193584,POINT (640614.8056999967 6845343.025800001),3776.0,2025-04-14,1
IDFM:63029,Lozère,2.212717641845953,48.70591241362703,POINT (642068.0578000024 6845374.500100002),1691.0,2025-04-14,1
IDFM:63044,Yerres,2.483187005163047,48.7064507273249,POINT (661970.5 6845269.999999999),5292.0,2025-04-14,1
IDFM:63067,Palaiseau - Villebon,2.237329249708309,48.7081489333421,POINT (643881.440200001 6845605.371300002),165.0,2025-04-14,1
IDFM:63071,Vigneux-sur-Seine,2.413499342148242,48.70808932141768,POINT (656844 6845488),7492.0,2025-04-14,1
IDFM:63072,Montgeron - Crosne,2.461377446437224,48.70871108366713,POINT (660367.3900000006 6845532.027100002),5000.0,2025-04-14,1
IDFM:63134,Athis-Mons,2.403668724287269,48.71266832171659,POINT (656124.5 6846002.500000002),1297.0,2025-04-14,1
IDFM:63175,Palaiseau,2.24558429554376,48.71686524330362,POINT (644498.1000000015 6846568.579599998),2502.0,2025-04-14,1
IDFM:63240,Les Essarts-le-Roi,1.889661391894688,48.72169335309528,POINT (618322.0678000003 6847414.509700001),724.0,2025-04-14,1
IDFM:63244,Massy - Palaiseau,2.2587677282577334,48.72551907437078,POINT (645477 6847521.499999999),20485.0,2025-04-14,3
IDFM:63244,Massy - Palaiseau,2.2587677282577334,48.72551907437078,POINT (645477 6847521.499999999),7617.0,2025-04-14,3
IDFM:63320,Massy - Verrières,2.273978779055319,48.7349579552114,POINT (646605.5 6848560.5),1665.0,2025-04-14,2
IDFM:63320,Massy - Verrières,2.273978779055319,48.7349579552114,POINT (646605.5 6848560.5),264.0,2025-04-14,2
IDFM:63352,Igny,2.230807643224045,48.74084886110891,POINT (643437 6849245.500000001),398.0,2025-04-14,1
IDFM:63369,Coignières,1.9214184023981653,48.74374799338111,POINT (620691.5 6849833.999999999),624.0,2025-04-14,1
IDFM:63404,Bièvres,2.2161603396773564,48.75087243760775,POINT (642371 6850370.5),383.0,2025-04-14,1
IDFM:63426,La Verrière,1.943057018064192,48.7551716132828,POINT (622299.5 6851082.500100001),7416.0,2025-04-14,2
IDFM:63454,Vauboyen,2.1925522822775045,48.75897132762851,POINT (640644.5697000027 6851288.4174),158.0,2025-04-14,1
IDFM:63523,Jouy-en-Josas,2.164447836855006,48.764760068378486,POINT (638585.5 6851953.499999999),607.0,2025-04-14,1
IDFM:63594,Petit Jouy Les Loges,2.146851969344536,48.77123768805397,POINT (637300.0051999986 6852687.510000002),134.0,2025-04-14,1
IDFM:63812,Saint-Quentin en Yvelines - Montigny-le-Bretonneux,2.044573174667644,48.78735906234353,POINT (629805.3147075672 6854565.954348283),17524.0,2025-04-14,4
IDFM:63880,Versailles Chantiers,2.1347866705359664,48.79511162724321,POINT (636442.4166681386 6855351.488567236),19386.0,2025-04-14,5
IDFM:63886,Porchefontaine,2.1522340489858127,48.79654475986442,POINT (637725.7422000021 6855496.926000002),1582.0,2025-04-14,1
IDFM:63893,Houdan,1.6021344463889766,48.79602555328117,POINT (597319.5 6856013.7902999995),1230.0,2025-04-14,1
IDFM:63923,Viroflay Rive Gauche,2.17158260741522,48.800665521455045,POINT (639151.7814000025 6855939.999999999),5237.0,2025-04-14,2
IDFM:63955,Montfort-l'Amaury - Méré,1.8158352700699207,48.802662371849536,POINT (613026.7208999991 6856495.000000001),701.0,2025-04-14,1
IDFM:63989,Montreuil,2.1528278413582385,48.805965217521,POINT (637780.5964000002 6856543.8538),3094.0,2025-04-14,1
IDFM:63999,Fontenay-le-Fleury,2.0407045118857456,48.80727344427781,POINT (629548 6856783.500000002),1787.0,2025-04-14,1
IDFM:64021,Versailles Rive Droite,2.1368871000602927,48.80949051640336,POINT (636614.1811000034 6856948.487799998),6273.0,2025-04-14,1
IDFM:64025,Garancières - La Queue,1.7645793224017483,48.810463686279576,POINT (609276 6857420.000000001),368.0,2025-04-14,1
IDFM:64145,Villepreux - Les Clayes,1.992798523459497,48.82366793006802,POINT (626053.1551000029 6858650.079699999),2532.0,2025-04-14,1
IDFM:64175,Orgerus - Béhoust,1.7030300359022217,48.82662740630846,POINT (604786 6859289.500000001),294.0,2025-04-14,1
IDFM:64194,Tacoignières - Richebourg,1.668661901995974,48.82931965425061,POINT (602268.2273000032 6859630.804900003),271.0,2025-04-14,1
IDFM:64195,Plaisir - Les Clayes,1.960091444651348,48.83083896712,POINT (623662.5 6859478.500000002),1700.0,2025-04-14,1
IDFM:64199,Plaisir - Grignon,1.943537514733802,48.831926089228816,POINT (622449 6859615.5),4604.0,2025-04-14,1
IDFM:64251,La Celle-Saint-Cloud,2.138236726142033,48.84262523059504,POINT (636753.5001000017 6860631.500100002),2108.0,2025-04-14,1
IDFM:64301,Bougival,2.132028029856739,48.85379323051655,POINT (636311.5 6861878.232500001),777.0,2025-04-14,1
IDFM:64338,Beynes,1.8755955719389823,48.860056612665424,POINT (617506.5 6862812),167.0,2025-04-14,1
IDFM:64341,Louveciennes,2.122777734478968,48.8612602848357,POINT (635642 6862715.981899998),964.0,2025-04-14,1
IDFM:64382,Saint-Nom-la-Bretèche Forêt de Marly,2.051299627156171,48.86709624082784,POINT (630406 6863425.500000001),659.0,2025-04-14,1
IDFM:64382,Saint-Nom-la-Bretèche Forêt de Marly,2.051299627156171,48.86709624082784,POINT (630406 6863425.500000001),137.0,2025-04-14,1
IDFM:64405,Marly-le-Roi,2.0965372930677657,48.87152941199376,POINT (633730 6863879.500000001),1858.0,2025-04-14,1
IDFM:64483,Chatou - Croissy,2.155937662470897,48.88519702561107,POINT (638103.1572000012 6865351),6592.0,2025-04-14,1
IDFM:64514,Le Vésinet - Centre,2.1343339900216813,48.89013759185911,POINT (636525.000500001 6865917.500100001),4298.0,2025-04-14,1
IDFM:64572,Mareil-sur-Mauldre,1.8718488171877576,48.89302020567544,POINT (617284 6866480.999999999),117.0,2025-04-14,1
IDFM:64582,Le Vésinet - Le Pecq,2.122132232303764,48.89794951079969,POINT (635640 6866796),6242.0,2025-04-14,1
IDFM:64589,Saint-Germain-en-Laye,2.095041912326374,48.898745300550765,POINT (633655 6866906.9065999985),15552.0,2025-04-14,1
IDFM:64589,Saint-Germain-en-Laye,2.095041912326374,48.898745300550765,POINT (633655 6866906.9065999985),137.0,2025-04-14,1
IDFM:64674,Maule,1.8568974216555527,48.90932809474093,POINT (616214.0916000009 6868310.0052),277.0,2025-04-14,1
IDFM:64741,Houilles - Carrières-sur-Seine,2.1851757042018707,48.92034757911033,POINT (640287.5 6869237.000000001),17640.0,2025-04-14,3
IDFM:64883,Poissy,2.040804469960689,48.93324983956547,POINT (629725.5 6870790.500000001),16617.0,2025-04-14,2
IDFM:64918,Sartrouville,2.157220038850732,48.93769529363442,POINT (638259.5 6871187.5),15922.0,2025-04-14,3
IDFM:64945,Nézel - Aulnay,1.8404153320794885,48.93882932493657,POINT (615054.2659000009 6871607.8579),92.0,2025-04-14,1
IDFM:64949,Villennes-sur-Seine,1.999557321396041,48.93983138477974,POINT (626713 6871559.827799998),785.0,2025-04-14,1
IDFM:65048,Maisons-Laffitte,2.144672265933885,48.94574060746957,POINT (637350 6872092.000000001),10486.0,2025-04-14,3
IDFM:65051,Bréval,1.541822077356298,48.94347692036552,POINT (593192.4999992615 6872487.171032941),321.0,2025-04-14,1
IDFM:65063,Argenteuil,2.257913508915154,48.9468952901277,POINT (645645.5 6872136.499999998),18292.0,2025-04-14,1
IDFM:65110,Val d'Argenteuil,2.232694050053452,48.95065749524003,POINT (643802.4105999992 6872572.509000001),8007.0,2025-04-14,1
IDFM:65190,Achères Grand Cormier,2.0936529195192275,48.95541092942684,POINT (633625.5 6873208.999999999),62.0,2025-04-14,1
IDFM:65227,Épinay - Villetaneuse,2.3287601965958715,48.95792884911306,POINT (650845 6873317),9388.0,2025-04-14,1
IDFM:65227,Épinay - Villetaneuse,2.3287601965958715,48.95792884911306,POINT (650845 6873317),1178.0,2025-04-14,1
IDFM:65305,Saint-Gratien,2.285777828585351,48.96365827352943,POINT (647703.2404000014 6873981.731900001),4639.0,2025-04-14,1
IDFM:65326,Épône - Mézières,1.809133387838305,48.96340497197892,POINT (612804.0837000012 6874374.5792),1015.0,2025-04-14,2
IDFM:65360,La Barre Ormesson,2.3167036448125224,48.96628415206348,POINT (649970.1589000002 6874253.695900001),2807.0,2025-04-14,1
IDFM:65399,Cormeilles-en-Parisis,2.1930511780913897,48.9686435877584,POINT (640919.5 6874601.500000001),5098.0,2025-04-14,1
IDFM:65441,Sannois,2.263820283806777,48.970881176549405,POINT (646103 6874799.6954),5400.0,2025-04-14,1
IDFM:65443,Chanteloup-les-Vignes,2.0276211497651646,48.97035707590211,POINT (628810.5 6874928.5),770.0,2025-04-14,1
IDFM:65485,Enghien-les-Bains,2.306793374168272,48.97288052394267,POINT (649251.0033999981 6874993.552000002),9483.0,2025-04-14,1
IDFM:65490,Aubergenville Élisabethville,1.848960390078333,48.97233225408568,POINT (615734.5 6875324.000000001),1846.0,2025-04-14,1
IDFM:65542,Andrésy,2.0486677678528,48.97462075263292,POINT (630356.9954999983 6875383.8462000005),548.0,2025-04-14,1
IDFM:65562,Deuil - Montmagny,2.338131209772398,48.97592570310552,POINT (651548 6875312.499999998),2879.0,2025-04-14,1
IDFM:65582,Garges - Sarcelles,2.3899547555239407,48.97632635843972,POINT (655342 6875326.500000001),20997.0,2025-04-14,1
IDFM:65659,La Frette - Montigny,2.180341866372171,48.97988373233732,POINT (640002 6875860.999999998),906.0,2025-04-14,1
IDFM:65663,Champ de Courses d'Enghien,2.291148632256432,48.9796949197308,POINT (648112.5 6875761.499999999),2872.0,2025-04-14,1
IDFM:65668,Issou - Porcheville,1.7838404356830648,48.9793069192499,POINT (610979.5 6876171.000000001),248.0,2025-04-14,1
IDFM:65669,Ermont - Eaubonne,2.2707541014797794,48.98049890628609,POINT (646620.5 6875864.500000002),11790.0,2025-04-14,3
IDFM:65691,Vernouillet - Verneuil,1.9829377621754607,48.98164585500312,POINT (625555.5 6876225.000000001),3348.0,2025-04-14,1
IDFM:65732,Gargenville,1.8090110590166268,48.983003872761415,POINT (612828 6876554.000000001),466.0,2025-04-14,1
IDFM:65749,Groslay,2.3535217052321715,48.98436467954606,POINT (652682.3166999966 6876241.613400001),1273.0,2025-04-14,1
IDFM:65752,Cernay,2.257017857907824,48.985149200200375,POINT (645619.9267999977 6876390.999999999),3492.0,2025-04-14,2
IDFM:65770,Mantes Station,1.7151334567152097,48.98360892717879,POINT (605958.5 6876729),1480.0,2025-04-14,1
IDFM:65788,Limay,1.7474125098984148,48.98420212754175,POINT (608321.9028000012 6876756.999999999),501.0,2025-04-14,1
IDFM:65827,Maurecourt,2.059634534011659,48.986862412057214,POINT (631176 6876735.5),661.0,2025-04-14,1
IDFM:65897,Herblay,2.1622316587721904,48.990136140429954,POINT (638688.5 6877015),4698.0,2025-04-14,1
IDFM:65910,Ermont Halte,2.26320025038274,48.990533377371726,POINT (646078 6876985.5),854.0,2025-04-14,1
IDFM:65931,Mantes-la-Jolie,1.7037715427764082,48.98918817816725,POINT (605137.1620111896 6877362.966937102),4376.0,2025-04-14,3
IDFM:65985,Les Clairières de Verneuil,1.955244034082812,48.99266997269272,POINT (623544.7775999978 6877477.331700001),453.0,2025-04-14,1
IDFM:65988,Juziers,1.8449525722587152,48.99224048747195,POINT (615473.5 6877542),308.0,2025-04-14,1
IDFM:65994,Les Mureaux,1.9134674211236111,48.99259097971094,POINT (620487.6341999993 6877509.806600002),4239.0,2025-04-14,1
IDFM:66005,Franconville - Le Plessis-Bouchard,2.2341907839306554,48.99374640051787,POINT (643958.5 6877363),8377.0,2025-04-14,2
IDFM:66009,Villiers-le-Bel - Gonesse - Arnouville,2.416246795897305,48.99377204005172,POINT (657281 6877252),14091.0,2025-04-14,1
IDFM:66063,Gros Noyer Saint-Prix,2.2596836105712628,48.99607903406629,POINT (645826.4275999963 6877604.607200001),1503.0,2025-04-14,1
IDFM:66079,Sarcelles - Saint-Brice,2.368685635253536,48.99620491669132,POINT (653802.7136000022 6877549.328600001),6368.0,2025-04-14,1
IDFM:66095,Conflans-Sainte-Honorine,2.09871661352047,48.996919424234726,POINT (634049 6877820.500000003),5345.0,2025-04-14,1
IDFM:66157,Rosny-sur-Seine,1.629817086362371,48.99751746239252,POINT (599741.4998605176 6878380.499827314),299.0,2025-04-14,2
IDFM:66321,Meulan - Hardricourt,1.9021289902435004,49.00581615609435,POINT (619678.3903999999 6878991.908699999),626.0,2025-04-14,1
IDFM:66334,Thun le Paradis,1.919170589720022,49.006673442207415,POINT (620926.4015000015 6879070.038500001),424.0,2025-04-14,1
IDFM:66335,Montigny - Beauchamp,2.196515175604304,49.007744118117,POINT (641217.3523000033 6878947),6699.0,2025-04-14,2
IDFM:66338,Vaux-sur-Seine,1.9630264473162569,49.0073550143858,POINT (624135.7079000026 6879102.803300001),435.0,2025-04-14,1
IDFM:66436,Neuville Université,2.078348820578231,49.01374275942672,POINT (632580.5 6879708.504500003),4419.0,2025-04-14,2
IDFM:66452,Saint-Leu-la-Forêt,2.2428869689226687,49.01523840177278,POINT (644617.7792999968 6879746.883300001),1871.0,2025-04-14,1
IDFM:66484,Éragny - Neuville,2.090571123307668,49.01790068888594,POINT (633479.8567000031 6880160.516600002),660.0,2025-04-14,1
IDFM:66491,Pierrelaye,2.1545313948758564,49.01917957374756,POINT (638159.5658000037 6880250.748199999),1291.0,2025-04-14,2
IDFM:66520,Vaucelles,2.2294526219892656,49.02172683988197,POINT (643642.1397999972 6880477.945200001),498.0,2025-04-14,1
IDFM:66533,Écouen - Ézanville,2.362236789305572,49.02319914892831,POINT (653355.067400001 6880555.072000001),2508.0,2025-04-14,1
IDFM:66535,Goussainville,2.46256580793126,49.02341075826703,POINT (660693 6880524.000000002),6020.0,2025-04-14,1
IDFM:66557,Taverny,2.222287008769188,49.0249763828466,POINT (643121.6228 6880844.454599999),1393.0,2025-04-14,1
IDFM:66650,Les Noues,2.477713962139221,49.03307204384692,POINT (661808 6881591),1313.0,2025-04-14,1
IDFM:66654,Domont,2.3371269712571614,49.03284003832482,POINT (651527.6203999966 6881642.3485),3582.0,2025-04-14,1
IDFM:66659,Saint-Ouen-l'Aumône Liesse,2.128124092657316,49.0341234164973,POINT (636246.4738999978 6881933.593999999),2209.0,2025-04-14,2
IDFM:66672,Bessancourt,2.2103009348975013,49.03527556641014,POINT (642256.5 6881998.499999999),780.0,2025-04-14,1
IDFM:66696,Cergy Préfecture,2.079780949001308,49.036306683133965,POINT (632714.5 6882216.499999998),16982.0,2025-04-14,2
IDFM:66731,Saint-Ouen-l'Aumône Quartier de l'Église,2.1034691329132857,49.03909361746138,POINT (634450 6882506.500000001),544.0,2025-04-14,1
IDFM:66741,Bonnières,1.582054688549546,49.03882194566217,POINT (596329.4999992759 6883034.999999827),608.0,2025-04-14,2
IDFM:66795,Bouffémont - Moisselles,2.3229000286671555,49.045103567466136,POINT (650499 6883015),863.0,2025-04-14,1
IDFM:66798,Frépillon,2.197098920791642,49.04527720662213,POINT (641302.5 6883120.500000001),406.0,2025-04-14,1
IDFM:66803,Saint-Ouen-l'Aumône,2.105230857870794,49.04530690087292,POINT (634586.6332999989 6883196),2482.0,2025-04-14,2
IDFM:66816,Pontoise,2.0957859968423524,49.04673337596684,POINT (633898 6883362.5),8823.0,2025-04-14,3
IDFM:66834,Cergy le Haut,2.011579068023536,49.04823262405815,POINT (627744.5 6883602.999999999),9230.0,2025-04-14,2
IDFM:66858,Cergy Saint-Christophe,2.0345219282999176,49.049642166828754,POINT (629423.5 6883738.999999999),9387.0,2025-04-14,2
IDFM:66915,Épluches,2.1226568963520114,49.055049202893706,POINT (635872.5738999993 6884265.1285),68.0,2025-04-14,1
IDFM:66934,Méry-sur-Oise,2.19141823646768,49.058277435287074,POINT (640902.0231000036 6884570.4854),604.0,2025-04-14,1
IDFM:66952,Pont Petit,2.131241645234573,49.06087605161007,POINT (636507.1611000001 6884906.189700001),74.0,2025-04-14,1
IDFM:66977,Osny,2.058155650874632,49.06281914403825,POINT (631168.523000002 6885183.517400003),565.0,2025-04-14,1
IDFM:67000,Montsoult - Maffliers,2.322908350649578,49.066157145375925,POINT (650519.6860495977 6885356.395996544),1685.0,2025-04-14,2
IDFM:67016,Chaponval,2.1410848292610347,49.06912782440181,POINT (637236.5 6885816.000000001),36.0,2025-04-14,1
IDFM:67027,Auvers-sur-Oise,2.174916445478343,49.07034498316611,POINT (639710.0000000001 6885925.000000002),58.0,2025-04-14,1
IDFM:67056,Boissy-l'Aillerie,2.025386064104548,49.07572135804642,POINT (628791.5 6886647.417200001),152.0,2025-04-14,1
IDFM:67065,Mériel,2.205438463461229,49.07775311707399,POINT (641948.5 6886725.999999999),385.0,2025-04-14,1
IDFM:67072,Villaines,2.3505357370070645,49.07926437056656,POINT (652550.5758000016 6886797.140299999),107.0,2025-04-14,1
IDFM:67076,Montgeroult - Courcelles,2.0029460458068105,49.080811910011626,POINT (627159.1933000013 6887234.002900001),20.0,2025-04-14,1
IDFM:67107,Valmondois,2.2019152338634327,49.09093718795672,POINT (641705.9179000035 6888194.8368000025),474.0,2025-04-14,1
IDFM:67126,Belloy - Saint-Martin,2.3613265147338978,49.09838940491585,POINT (653356.1296999976 6888917.711800002),149.0,2025-04-14,1
IDFM:67131,Us,1.9705444983242864,49.09955483034093,POINT (624819.3731999993 6889348.776799998),95.0,2025-04-14,1
IDFM:67169,Presles - Courcelles,2.2878509419549213,49.11367528279733,POINT (648005.5015999973 6890663.654),291.0,2025-04-14,1
IDFM:67172,L'Isle-Adam - Parmain,2.209941858169547,49.11454854558362,POINT (642318.4574000016 6890814.8821),481.0,2025-04-14,1
IDFM:67176,Viarmes,2.368237642296928,49.11663481669089,POINT (653877.0908999965 6890942.864100003),284.0,2025-04-14,1
IDFM:67177,Luzarches,2.4200435326085863,49.117099228494695,POINT (657659.5782999992 6890965.495900003),382.0,2025-04-14,1
IDFM:67180,Seugy,2.3996583056293246,49.11912737513361,POINT (656173.0733999982 6891202.1876),56.0,2025-04-14,1
IDFM:67196,Santeuil - Le Perchay,1.949406923865895,49.12334471123142,POINT (623311 6892014.825100002),25.0,2025-04-14,1
IDFM:67227,Nointel - Mours,2.2799576391232472,49.13282894869498,POINT (647448.6476999968 6892799.119499999),444.0,2025-04-14,1
IDFM:67241,Champagne-sur-Oise,2.242987667830016,49.136089580289706,POINT (644754 6893187),273.0,2025-04-14,1
IDFM:67292,Persan - Beaumont,2.277687381962316,49.14766618741408,POINT (647298.0562598751 6894450.833330223),4140.0,2025-04-14,2
IDFM:67325,Bruyères-sur-Oise,2.32483287423228,49.15511620671838,POINT (650744.9213000014 6895249),90.0,2025-04-14,1
IDFM:67352,Chars,1.936865953454158,49.16300140123273,POINT (622455 6896437.499999999),162.0,2025-04-14,1
IDFM:67476,Brunoy,2.506850312311369,48.698914475306886,POINT (663706.5 6844420.999999998),6465.0,2025-04-14,1
IDFM:67604,Marles-en-Brie,2.868811725090548,48.73481854687385,POINT (690351.733099997 6848307.545099998),468.0,2025-04-14,1
IDFM:67625,Tournan,2.758901334165272,48.739445157221006,POINT (682269.9422999993 6848841),1935.0,2025-04-14,2
IDFM:67658,Gretz-Armainvilliers,2.727167738339898,48.74645539980236,POINT (679939 6849628.015500001),723.0,2025-04-14,1
IDFM:67805,Mortcerf,2.9074760676708205,48.789592035371314,POINT (693202.4439999983 6854393.542699999),155.0,2025-04-14,1
IDFM:67839,Roissy-en-Brie,2.650530702348584,48.79563367624288,POINT (674328.2114000022 6855118.131),4082.0,2025-04-14,1
IDFM:67897,Émerainville - Pontault-Combault,2.618502939849115,48.80587944608123,POINT (671980.9941999987 6856268.2293),5663.0,2025-04-14,1
IDFM:67917,Faremoutiers - Pommeuse,2.9932738165708552,48.80853544410162,POINT (699506.0195000023 6856495.885799999),401.0,2025-04-14,1
IDFM:67920,Coulommiers,3.081261311573344,48.80805936234078,POINT (705968 6856446.000000001),1197.0,2025-04-14,1
IDFM:67924,Guérard - La Celle-sur-Morin,2.9538116993768355,48.81076877713248,POINT (696608.0107999966 6856745.181899998),115.0,2025-04-14,1
IDFM:67944,Mouroux,3.0430626039871616,48.813701725231546,POINT (703162.2656000033 6857071.168400003),170.0,2025-04-14,1
IDFM:68105,Bussy-Saint-Georges,2.710382839509696,48.83671337078136,POINT (678741.6422000007 6859668),11787.0,2025-04-14,1
IDFM:68123,Lognes,2.633026934567703,48.839255049438655,POINT (673064.9464000016 6859974.2213),5063.0,2025-04-14,1
IDFM:68129,Torcy,2.655169106193295,48.83971015133779,POINT (674690.3457000032 6860017.5),13782.0,2025-04-14,1
IDFM:68153,Noisiel,2.616660606000051,48.84351408493866,POINT (671866.000500001 6860453.5),9479.0,2025-04-14,1
IDFM:68266,Val d'Europe,2.772426894234028,48.85484622851565,POINT (683301.570600003 6861669.341),18512.0,2025-04-14,1
IDFM:68385,Marne-la-Vallée Chessy,2.7824826512673546,48.86979506673141,POINT (684044 6863329.5),23686.0,2025-04-14,1
IDFM:68407,Chelles - Gournay,2.5833806594500697,48.87411948897062,POINT (669441.5 6863869.000000001),9708.0,2025-04-14,2
IDFM:68419,Vaires - Torcy,2.637705554664271,48.87517306494243,POINT (673426.6696000025 6863966.500000001),3089.0,2025-04-14,2
IDFM:68494,Lagny - Thorigny,2.7059554888008988,48.8821904179895,POINT (678435.5 6864725.999999999),3665.0,2025-04-14,1
IDFM:68653,Esbly,2.809640025507793,48.902895083058525,POINT (686045.0001000017 6867005.000100002),1444.0,2025-04-14,1
IDFM:68916,Villeparisis - Mitry-le-Neuf,2.603220561532749,48.95316214687084,POINT (670940.8858999982 6872651),6303.0,2025-04-14,1
IDFM:68918,La Ferté-sous-Jouarre,3.124704606802588,48.95078183048536,POINT (709133.5000267866 6872320.499895811),1677.0,2025-04-14,2
IDFM:68963,Meaux,2.8733082321502925,48.9566203252873,POINT (690722 6872969.999999998),11309.0,2025-04-14,1
IDFM:68980,Changis - Saint-Jean,3.026089283734262,48.95916631326023,POINT (701910.5 6873246),298.0,2025-04-14,1
IDFM:68984,Trilport,2.949685912410061,48.96016915361593,POINT (696315.6058000028 6873358.3796000015),899.0,2025-04-14,1
IDFM:69065,Mitry - Claye,2.6422341369736606,48.9757479508066,POINT (673809.5 6875149),3781.0,2025-04-14,2
IDFM:69072,Nanteuil - Saâcy,3.2194260927085296,48.97400193831618,POINT (716063.8143000007 6874917.818100002),728.0,2025-04-14,1
IDFM:69136,Compans,2.6649599355374893,48.99132968756663,POINT (675480.5 6876874.500000001),37.0,2025-04-14,1
IDFM:69162,Isles - Armentières - Congis,3.007871639575125,48.99837487688993,POINT (700576 6877606),64.0,2025-04-14,1
IDFM:69196,Thieux - Nantouillet,2.680253767580292,49.00813565335945,POINT (676607.3224000037 6878738.830600002),34.0,2025-04-14,1
IDFM:69237,Lizy-sur-Ourcq,3.0317831029512066,49.02172710081919,POINT (702324.6539999992 6880203.4586),287.0,2025-04-14,1
IDFM:69254,Dammartin - Juilly - Saint-Mard,2.699188446745409,49.03225834293,POINT (678002.7991460188 6881416.097259578),1277.0,2025-04-14,2
IDFM:69300,Louvres,2.5018113143714777,49.04933726826723,POINT (663581.5 6883388.499999999),3250.0,2025-04-14,1
IDFM:69435,Crouy-sur-Ourcq,3.062669111949777,49.09189047640195,POINT (704577.5 6888008.081799999),158.0,2025-04-14,1
IDFM:69450,Survilliers - Fosses,2.525517836696695,49.09951161811565,POINT (665348 6888958.000000001),3162.0,2025-04-14,1
IDFM:69487,Chaville - Vélizy,2.1834187943404744,48.79968116446791,POINT (640020 6855821.5),2757.0,2025-04-14,1
IDFM:69503,Chaville Rive Droite,2.1885894806735937,48.81299614830529,POINT (640415 6857298.000000001),3288.0,2025-04-14,2
IDFM:69528,Gare de Bellevue,2.229956322216565,48.81887298138509,POINT (643459 6857921.000000002),1397.0,2025-04-14,1
IDFM:69554,Ablon,2.4198671478914595,48.72578126379895,POINT (657327 6847451.499999999),1923.0,2025-04-14,1
IDFM:69568,Villeneuve-Saint-Georges,2.446304786739812,48.730080267741016,POINT (659275 6847915.499999999),15278.0,2025-04-14,1
IDFM:69622,Les Baconnets,2.288108127151424,48.73984612871272,POINT (647649.5 6849094.500000001),4938.0,2025-04-14,1
IDFM:69625,Villeneuve-le-Roi,2.426423645047488,48.73968685807613,POINT (657820.5 6848994.000000001),1914.0,2025-04-14,1
IDFM:69633,Rungis la Fraternelle,2.3521980873905326,48.74021613668418,POINT (652362.7195999995 6849095.059700001),482.0,2025-04-14,1
IDFM:69639,Orly Ville,2.4030548924063897,48.74163230680523,POINT (656103.6824000031 6849223.0331000015),2089.0,2025-04-14,1
IDFM:69647,Fontaine Michalon,2.2959559818374013,48.74304953436299,POINT (648229.769100003 6849445.478100004),2230.0,2025-04-14,1
IDFM:69662,Les Saules,2.4174549898851208,48.74520105223681,POINT (657165.5003999993 6849611.9007),1583.0,2025-04-14,1
IDFM:69671,Villeneuve Triage,2.438697833840877,48.74461113914048,POINT (658726.992399998 6849535.000000001),863.0,2025-04-14,1
IDFM:69677,Pont de Rungis Aéroport d'Orly,2.372686949202173,48.74734214004764,POINT (653875.6670357916 6849875.166575293),3437.0,2025-04-14,2
IDFM:69677,Pont de Rungis Aéroport d'Orly,2.372686949202173,48.74734214004764,POINT (653875.6670357916 6849875.166575293),135.0,2025-04-14,2
IDFM:69682,Chemin d'Antony,2.312649686391933,48.74793654258728,POINT (649462 6849978),514.0,2025-04-14,1
IDFM:69759,Antony,2.300890371505836,48.754632057173126,POINT (648604 6850730),12333.0,2025-04-14,1
IDFM:69813,La Croix de Berny,2.3042107053612133,48.76171816323692,POINT (648855.0349000022 6851515.6844),13946.0,2025-04-14,1
IDFM:69852,Choisy-le-Roi,2.411287538155699,48.76387977763339,POINT (656727.5 6851692),12844.0,2025-04-14,1
IDFM:69884,Pointe du Lac,2.46430375327102,48.768756806477086,POINT (660628.0000000864 6852206.499999912),8485.0,2025-04-14,1
IDFM:69906,Parc de Sceaux,2.309934691589042,48.769718949712896,POINT (649283.547799997 6852401.534099999),1726.0,2025-04-14,1
IDFM:69950,Créteil Pompadour,2.435315840251248,48.77125407229735,POINT (658499.5 6852499.000000002),10581.0,2025-04-14,1
IDFM:69974,L'Haÿ-les-Roses,2.35501162132898,48.775326574146334,POINT (652601.5000000016 6852996.999999806),8591.0,2025-04-14,1
IDFM:70021,Créteil - Préfecture,2.459305169291261,48.77975652677895,POINT (660269 6853432.000000001),13585.0,2025-04-14,1
IDFM:70033,Bourg-la-Reine,2.312278311834309,48.78026436884244,POINT (649466 6853572.500000001),11658.0,2025-04-14,1
IDFM:70064,Les Ardoines,2.409587305033223,48.78248922625494,POINT (656618 6853762.000000001),2906.0,2025-04-14,1
IDFM:70133,Fontenay-aux-Roses,2.2929083820455323,48.78756698215643,POINT (648050 6854397.000000001),3811.0,2025-04-14,1
IDFM:70143,Villejuif - Louis Aragon,2.3677779554117317,48.78755483606582,POINT (653550.5299984673 6854348.999998262),11726.0,2025-04-14,1
IDFM:70172,Créteil - Université,2.450549470941275,48.789929270166354,POINT (659633.5000003865 6854567.499999798),8962.0,2025-04-14,1
IDFM:70210,Bagneux,2.3220087047421583,48.79333690627149,POINT (650193.4545999989 6855019.774),6227.0,2025-04-14,1
IDFM:70248,Villejuif Paul Vaillant-Couturier,2.3682635926948725,48.79631307769328,POINT (653594.0000004478 6855322.499997843),6339.0,2025-04-14,1
IDFM:70263,Arcueil - Cachan,2.328093276131277,48.79869767228883,POINT (650645.5 6855611.989999999),7602.0,2025-04-14,1
IDFM:70269,Créteil - L'Échat,2.449396821313372,48.79661095553607,POINT (659554.0000000024 6855310.9999996545),5760.0,2025-04-14,1
IDFM:70313,Vitry-sur-Seine,2.40269438767449,48.80028105254759,POINT (656126.5 6855744),5024.0,2025-04-14,1
IDFM:70358,Maisons-Alfort - Les Juilliottes,2.4458723917666503,48.80316245178323,POINT (659300.2200066774 6856041.249996508),6241.0,2025-04-14,1
IDFM:70359,Le Parc de Saint-Maur,2.486623744135692,48.8054097518155,POINT (662294.9218999967 6856270.889400001),6190.0,2025-04-14,1
IDFM:70375,Villejuif Léo Lagrange,2.364000147653305,48.80436028965393,POINT (653288.0300006672 6856219.749997817),7963.0,2025-04-14,1
IDFM:70393,Saint-Maur - Créteil,2.4729094308778183,48.80619648110731,POINT (661288.2686000019 6856364.999999998),11174.0,2025-04-14,1
IDFM:70412,Meudon Val Fleury,2.240941917168364,48.807552358196936,POINT (644253.5 6856654.5),4279.0,2025-04-14,1
IDFM:70426,Maisons-Alfort - Stade,2.434871978877675,48.8089479563249,POINT (658496.8750021674 6856690.249998664),4435.0,2025-04-14,1
IDFM:70427,Laplace,2.3343440158701894,48.808360137202826,POINT (651113.690200001 6856682.430100001),9585.0,2025-04-14,1
IDFM:70441,Barbara,2.3174583168386667,48.809794517716256,POINT (649874.9999997477 6856852.499999222),6539.0,2025-04-14,1
IDFM:70445,Hôpital Bicêtre,2.3499807418843317,48.809957785893445,POINT (652263.4999993546 6856850.499999454),8693.0,2025-04-14,1
IDFM:70452,Le Kremlin-Bicêtre,2.362201053591684,48.81026644046288,POINT (653161.2000013606 6856877.499997658),8328.0,2025-04-14,1
IDFM:70488,Mairie d'Ivry,2.383498053635828,48.811210093393306,POINT (654726 6856970.000000001),8146.0,2025-04-14,1
IDFM:70505,Clamart,2.274243860950152,48.81422563914296,POINT (646706 6857373.4789),2870.0,2025-04-14,1
IDFM:70515,Meudon,2.2428787225795106,48.81436409632574,POINT (644403 6857410.5),1304.0,2025-04-14,1
IDFM:70522,Ecole Vétérinaire de Maisons-Alfort,2.4223611383785,48.81479709305343,POINT (657582.8500020705 6857347.249999227),8638.0,2025-04-14,1
IDFM:70537,Pierre et Marie Curie,2.3773049285112235,48.81585703937132,POINT (654275.2800016662 6857490.249998399),4254.0,2025-04-14,1
IDFM:70543,Gentilly,2.340926830790754,48.815228092611335,POINT (651603.5 6857442),6421.0,2025-04-14,1
IDFM:70562,Malakoff - Rue Etienne Dolet,2.2970482368931284,48.81530194487024,POINT (648381.6000038616 6857477.999997231),5884.0,2025-04-14,1
IDFM:70584,Vanves - Malakoff,2.2919742374890983,48.81828945559893,POINT (648012 6857813.5),2088.0,2025-04-14,1
IDFM:70586,Mairie de Montrouge,2.319571617439263,48.81846317813184,POINT (650038.499999404 6857814.99999894),16211.0,2025-04-14,1
IDFM:70596,Porte d'Italie,2.359496128494856,48.81907044132315,POINT (652970.5000017061 6857857.9999993965),4566.0,2025-04-14,1
IDFM:70604,Porte de Choisy,2.364651571525099,48.820094009190285,POINT (653349.9499985478 6857968.7499996),11488.0,2025-04-14,1
IDFM:70623,Cité Universitaire,2.3388576809777035,48.82150600684166,POINT (651457.4081000015 6858141.294599998),20210.0,2025-04-14,1
IDFM:70636,Porte d'Ivry,2.3694031162714024,48.82142101194986,POINT (653700.0000103128 6858113.499994252),3585.0,2025-04-14,1
IDFM:70640,Joinville-le-Pont,2.4638739495546496,48.82119737360793,POINT (660636 6858037.3897),11822.0,2025-04-14,1
IDFM:70645,Maison Blanche,2.358714121770927,48.821678947573815,POINT (652915.4373388587 6858148.499962323),12860.0,2025-04-14,2
IDFM:70648,Charenton - Écoles,2.413845973313661,48.82136831760975,POINT (656962.9999997953 6858082.499999375),7650.0,2025-04-14,1
IDFM:70657,Porte d'Orléans,2.3255585128676093,48.82340547688048,POINT (650482.779998984 6858360.749998023),17655.0,2025-04-14,1
IDFM:70671,Mairie d'Issy,2.273559421058557,48.824254356777246,POINT (646665.9999998376 6858488.9999995995),13650.0,2025-04-14,1
IDFM:70686,Sèvres - Ville-d'Avray,2.2007294495659546,48.827253206930806,POINT (641322.5 6858874.088599999),2552.0,2025-04-14,2
IDFM:70698,Pont de Sèvres,2.2305118949306246,48.82967822756477,POINT (643511.5000000848 6859121.999999975),14882.0,2025-04-14,1
IDFM:70705,Vaucresson,2.152674671677768,48.83668449024941,POINT (637806 6859959.500000001),1925.0,2025-04-14,1
IDFM:70713,Garches - Marnes-la-Coquette,2.187092668770097,48.83825444088794,POINT (640334 6860107.499999998),2734.0,2025-04-14,1
IDFM:70721,Boulogne Pont de Saint-Cloud,2.2283125898228056,48.84067248206251,POINT (643362 6860346),8862.0,2025-04-14,1
IDFM:70829,Suresnes Mont Valérien,2.2210567895582143,48.87168952202666,POINT (642863.5 6863799.999999998),5176.0,2025-04-14,2
IDFM:70902,Rueil-Malmaison,2.172366417897185,48.88767250064626,POINT (639310.7524999976 6865613.500000002),21526.0,2025-04-14,1
IDFM:70940,Nanterre Ville,2.19511769490499,48.89501972616058,POINT (640987.3418999985 6866413.2122),13047.0,2025-04-14,1
IDFM:70945,Nanterre Préfecture,2.222986242991368,48.895886773064674,POINT (643031.5 6866489.1552),19752.0,2025-04-14,1
IDFM:70956,Nanterre Université,2.213536495127317,48.90112974604822,POINT (642344.5001000017 6867079),12504.0,2025-04-14,2
IDFM:70956,Nanterre Université,2.213536495127317,48.90112974604822,POINT (642344.5001000017 6867079),728.0,2025-04-14,2
IDFM:70990,Corentin Celton,2.2789586605256367,48.82682329515912,POINT (647065 6858771),9731.0,2025-04-14,1
IDFM:71001,Tolbiac,2.357168503475677,48.826145049548565,POINT (652805.9999981862 6858645.999989561),7140.0,2025-04-14,1
IDFM:71006,Porte de Vanves,2.30527798269849,48.82763788088961,POINT (648997.9699981171 6858844.249998612),12865.0,2025-04-14,1
IDFM:71013,Corvisart,2.350611225926166,48.82986001331238,POINT (652328 6859063.000000001),6108.0,2025-04-14,1
IDFM:71016,Issy - Val de Seine,2.264011346045536,48.83050964570215,POINT (645971.5 6859191),12156.0,2025-04-14,1
IDFM:71026,Glacière,2.3434678646983462,48.83114309143114,POINT (651804.8000011287 6859209.999999548),11934.0,2025-04-14,1
IDFM:71030,Alésia,2.3271429300068087,48.82817661096138,POINT (650603.6249982788 6858890.249998836),12329.0,2025-04-14,1
IDFM:71033,Place d'Italie,2.3556475146317566,48.83115461762311,POINT (652698.8832401899 6859203.916616311),27170.0,2025-04-14,3
IDFM:71034,Billancourt,2.2379285371193074,48.83187524345199,POINT (644058.2999976348 6859360.999999273),7914.0,2025-04-14,1
IDFM:71041,Saint-Jacques,2.337125454915252,48.83288661637968,POINT (651340.850001193 6859407.749999559),5449.0,2025-04-14,1
IDFM:71043,Nationale,2.362831064840564,48.83320844187159,POINT (653228.0499989806 6859427.999999636),6793.0,2025-04-14,1
IDFM:71045,Porte de Versailles,2.2879373271177776,48.83241052345399,POINT (647729.7499698076 6859386.249981895),12768.0,2025-04-14,1
IDFM:71054,Marcel Sembat,2.2435256313384717,48.83370054471864,POINT (644471.0999912834 6859559.999997978),15152.0,2025-04-14,1
IDFM:71056,Denfert-Rochereau,2.3326087704165794,48.83392410543832,POINT (651010.2799149272 6859525.899894117),19258.0,2025-04-14,3
IDFM:71063,Campo-Formio,2.3586053956692963,48.83556918249131,POINT (652919.9999948818 6859692.99999134),3290.0,2025-04-14,1
IDFM:71073,Balard,2.2784360103081003,48.8366593435586,POINT (647036.6249990939 6859864.999997504),16145.0,2025-04-14,1
IDFM:71075,Convention,2.2963778239575934,48.83713047716298,POINT (648354.0000000866 6859905.499999913),13257.0,2025-04-14,1
IDFM:71076,Les Gobelins,2.35247398363024,48.835866664517376,POINT (652470.2200020037 6859729.7499984335),8897.0,2025-04-14,1
IDFM:71084,Porte de Saint-Cloud,2.2569178446714324,48.83797784424665,POINT (645458.5999964146 6860026.2499923585),13173.0,2025-04-14,1
IDFM:71086,Lourmel,2.2821389157268257,48.8387232013397,POINT (647310.4999909083 6860091.999994955),6185.0,2025-04-14,1
IDFM:71088,Raspail,2.3305528355276968,48.83910287784467,POINT (650864.2500002183 6860102.999990854),4904.0,2025-04-14,2
IDFM:71091,Vaugirard,2.301026168890321,48.83948710092117,POINT (648697.4999966411 6860164.499998823),8721.0,2025-04-14,1
IDFM:71092,Saint-Marcel,2.3607287266526984,48.83850798652465,POINT (653078.4999960872 6860018.499996307),6477.0,2025-04-14,1
IDFM:71100,Censier - Daubenton,2.351560925100919,48.84024612835756,POINT (652407.1999981457 6860217.249997993),7511.0,2025-04-14,1
IDFM:71106,Port Royal,2.3371383995944486,48.840064350218256,POINT (651348.5 6860205.8277),8467.0,2025-04-14,1
IDFM:71108,Edgar Quinet,2.3253307707761035,48.840941974013205,POINT (650482.7200023857 6860310.749998999),5182.0,2025-04-14,1
IDFM:71113,Volontaires,2.307948543468454,48.84146998577463,POINT (649207.4999971357 6860380.499999291),5758.0,2025-04-14,1
IDFM:71117,Vavin,2.328943385765137,48.84214720837221,POINT (650749.0000107305 6860442.499996447),5160.0,2025-04-14,1
IDFM:71124,Exelmans,2.259737852678148,48.84260237076823,POINT (645670.3999980227 6860538.499998149),5336.0,2025-04-14,1
IDFM:71125,Pasteur,2.312728493921643,48.84269819752785,POINT (649559.4999646355 6860513.999989638),13830.0,2025-04-14,2
IDFM:71132,Commerce,2.293769591803878,48.844611351475216,POINT (648169.9999969079 6860738.999996859),8151.0,2025-04-14,1
IDFM:71133,Place Monge,2.352080229377121,48.8426749750134,POINT (652447.529999076 6860486.999997415),7435.0,2025-04-14,1
IDFM:71135,Gare d'Austerlitz,2.366214359329156,48.84148364547335,POINT (653483.7837712608 6860346.117125975),23698.0,2025-04-14,4
IDFM:71135,Gare d'Austerlitz,2.366214359329156,48.84148364547335,POINT (653483.7837712608 6860346.117125975),14600.0,2025-04-14,4
IDFM:71137,Félix Faure,2.291799515043936,48.8427155302701,POINT (648023.5299978945 6860529.499998912),5070.0,2025-04-14,1
IDFM:71138,Notre-Dame des Champs,2.3286303748633257,48.845079626856645,POINT (650728.7999998097 6860768.749998012),4731.0,2025-04-14,1
IDFM:71139,Gare Montparnasse,2.321927199425969,48.84250333906341,POINT (650234.4122025243 6860486.497045353),123339.0,2025-04-14,6
IDFM:71141,Chardon Lagache,2.26690547594029,48.84508829917885,POINT (646199 6860810),1762.0,2025-04-14,1
IDFM:71144,Sèvres-Lecourbe,2.3094986889083584,48.84561602643414,POINT (649325.300001374 6860840.499999494),5885.0,2025-04-14,1
IDFM:71147,Boulogne Jean Jaurès,2.2390602250207654,48.84202743863004,POINT (644152.2499991114 6860488.999999802),10958.0,2025-04-14,1
IDFM:71148,Jussieu,2.3548681189601743,48.84610311618607,POINT (652655.2500139115 6860866.499996587),12104.0,2025-04-14,2
IDFM:71150,Javel,2.278029932036142,48.84647652153936,POINT (647016.8000024488 6860956.833321428),10962.0,2025-04-14,2
IDFM:71153,Cardinal Lemoine,2.3513280016731763,48.84670003526311,POINT (652396 6860935),3774.0,2025-04-14,1
IDFM:71156,Charles Michels,2.285622677583146,48.84648312793993,POINT (647573.9999997088 6860952.499999266),11042.0,2025-04-14,1
IDFM:71157,Ségur,2.307194962023128,48.8471968300245,POINT (649157.7800023636 6861017.749998421),4094.0,2025-04-14,1
IDFM:71158,Avenue Émile Zola,2.295032489090349,48.84699762180346,POINT (648265.0499992311 6861003.499999843),3567.0,2025-04-14,1
IDFM:71159,Duroc,2.316391351064784,48.84685963252642,POINT (649832.3250262921 6860974.374989824),9248.0,2025-04-14,2
IDFM:71161,Luxembourg,2.3398088878203698,48.84543177842458,POINT (651549.4888999984 6860800.988600001),16399.0,2025-04-14,1
IDFM:71162,Mirabeau,2.2730641263728333,48.84707750734599,POINT (646653 6861027),3452.0,2025-04-14,1
IDFM:71166,Église d'Auteuil,2.269111389021892,48.84714336145718,POINT (646363 6861037.000000001),426.0,2025-04-14,1
IDFM:71167,Cambronne,2.302920257626717,48.84751825460396,POINT (648844.4000007494 6861056.2499997495),8054.0,2025-04-14,1
IDFM:71169,Porte d'Auteuil,2.2582723316093656,48.84801649241199,POINT (645568.4999986626 6861141.49999935),1091.0,2025-04-14,1
IDFM:71170,Vaneau,2.3212894797753387,48.848797538444856,POINT (650193.6250084196 6861186.749997685),2711.0,2025-04-14,1
IDFM:71184,Saint-Placide,2.326952388869082,48.84702406259937,POINT (650607.4999974471 6860985.999995132),9029.0,2025-04-14,1
IDFM:71190,Maubert - Mutualité,2.348249878548578,48.85015258029223,POINT (652173.2800018396 6861320.74999946),4809.0,2025-04-14,1
IDFM:71197,Dupleix,2.2936502828934584,48.85039805601052,POINT (648167.000000256 6861382.499999905),10433.0,2025-04-14,1
IDFM:71199,La Motte-Picquet - Grenelle,2.2987179103193287,48.84930066579924,POINT (648537.7765744444 6861257.1666449625),22598.0,2025-04-14,3
IDFM:71201,Sully - Morland,2.361802453911785,48.851239660468615,POINT (653168.7500022572 6861433.499998736),4664.0,2025-04-14,1
IDFM:71202,Saint-Sulpice,2.3307827518659985,48.851173608572935,POINT (650892.4999914622 6861444.999986456),7289.0,2025-04-14,1
IDFM:71203,Sèvres - Babylone,2.3265000550457824,48.85129909573625,POINT (650578.3601432628 6861461.624930012),13602.0,2025-04-14,2
IDFM:71204,Saint-François-Xavier,2.314346674854644,48.851285153754034,POINT (649686.549999438 6861467.749998289),5862.0,2025-04-14,1
IDFM:71206,Michel-Ange - Auteuil,2.2639126867814943,48.84778751328738,POINT (645982.1666758603 6861112.166663015),5496.0,2025-04-14,2
IDFM:71212,Avenue du Président Kennedy Maison de Radio France,2.279679454187814,48.85352548506894,POINT (647145.0001000017 6861739.500100003),2245.0,2025-04-14,1
IDFM:71216,Saint-Germain-des-Prés,2.3339676199662094,48.85362413862782,POINT (651128.5000013802 6861715.499999682),11073.0,2025-04-14,1
IDFM:71217,Pont Marie (Cité des Arts),2.357390130311683,48.85347342301278,POINT (652847.0000033107 6861684.499999051),4092.0,2025-04-14,1
IDFM:71222,Saint-Paul (Le Marais),2.360928314538474,48.855232619142896,POINT (653108.2000027327 6861877.999999014),15540.0,2025-04-14,1
IDFM:71223,Cité,2.347296643347068,48.85492745529126,POINT (652107.7199994042 6861852.249998075),6961.0,2025-04-14,1
IDFM:71224,École Militaire,2.306393361625384,48.85489070785469,POINT (649106.4699980465 6861873.74999892),12537.0,2025-04-14,1
IDFM:71227,Rue du Bac,2.325686328475464,48.85588010524378,POINT (650523.0000000866 6861971.499999913),6637.0,2025-04-14,1
IDFM:71229,Boulainvilliers,2.274806827480264,48.856981095562965,POINT (646791 6862127.002700001),2306.0,2025-04-14,1
IDFM:71232,Varenne,2.3150457887729994,48.85662459269675,POINT (649743.0000000187 6862060.999997842),3380.0,2025-04-14,1
IDFM:71237,Passy,2.2857098244884675,48.85752330962036,POINT (647591.4999984293 6862179.999992209),10698.0,2025-04-14,1
IDFM:71242,La Tour-Maubourg,2.3105311629054865,48.857698126549295,POINT (649412.7999976412 6862183.249998436),5196.0,2025-04-14,1
IDFM:71243,Ranelagh,2.269990427748267,48.85540488664135,POINT (646435.9999941147 6861954.999998736),5979.0,2025-04-14,1
IDFM:71253,Pont Neuf,2.3417428361760093,48.85850118519015,POINT (651703.530002151 6862252.999999345),5804.0,2025-04-14,1
IDFM:71264,Châtelet,2.3469518246690915,48.85862505264781,POINT (652085.8197724972 6862263.599585059),151731.0,2025-04-14,5
IDFM:71269,Musée d'Orsay,2.326623034830927,48.860365575927474,POINT (650595.9813999981 6862469.657999999),5873.0,2025-04-14,1
IDFM:71270,Solférino,2.323089476275027,48.85854101968515,POINT (650335.0000001718 6862268.99999991),4996.0,2025-04-14,1
IDFM:71273,Rambuteau,2.353273948594772,48.86119015695036,POINT (652552 6862545),7884.0,2025-04-14,1
IDFM:71274,Invalides,2.314293538665978,48.86115751695886,POINT (649692.183701203 6862565.499653559),11579.0,2025-04-14,3
IDFM:71277,Filles du Calvaire,2.3667112771831733,48.86306520665217,POINT (653539.500003709 6862745.499993739),3582.0,2025-04-14,1
IDFM:71284,Tuileries,2.3297117079644605,48.86451400144583,POINT (650826.5000017066 6862928.999999395),7323.0,2025-04-14,1
IDFM:71285,Trocadéro,2.287196076104388,48.863281294935874,POINT (647706.3250976072 6862819.249934989),30109.0,2025-04-14,2
IDFM:71286,Avenue Henri Martin,2.2722351438875577,48.86545537297977,POINT (646611 6863070.999999999),1661.0,2025-04-14,1
IDFM:71290,Alma - Marceau,2.3011174399316845,48.86468769506181,POINT (648729.0000007458 6862966.4999998305),15481.0,2025-04-14,1
IDFM:71292,Rue de la Pompe,2.277900980624227,48.86399451912752,POINT (647025.1500009075 6862904.749999797),7777.0,2025-04-14,1
IDFM:71293,Arts et Métiers,2.356612246866714,48.865457557418345,POINT (652800.7800147365 6863017.499995155),11335.0,2025-04-14,2
IDFM:71294,Iéna,2.2938853112706887,48.86473293077307,POINT (648198.4999985989 6862976.2499996945),8456.0,2025-04-14,1
IDFM:71296,Temple,2.3615753064292724,48.86672073081268,POINT (653165.9999992874 6863154.999999849),3000.0,2025-04-14,1
IDFM:71297,Palais Royal - Musée du Louvre,2.336777645896905,48.86250960020265,POINT (651342.9850852374 6862701.749961967),28301.0,2025-04-14,2
IDFM:71298,Concorde,2.3226731579162823,48.86640721920358,POINT (650311.9582501412 6863143.916547906),20258.0,2025-04-14,3
IDFM:71301,Boissière,2.2900328376074373,48.8668483434173,POINT (647918 6863214.000000001),6303.0,2025-04-14,1
IDFM:71305,Champs-Élysées - Clemenceau,2.314188023204842,48.86755915253119,POINT (649690.6250215904 6863277.374970742),10023.0,2025-04-14,2
IDFM:71311,République,2.363942172827965,48.86753869120015,POINT (653340.3591021706 6863244.549802483),44845.0,2025-04-14,5
IDFM:71313,Quatre Septembre,2.3362986889601727,48.86962750925171,POINT (651314.5000008896 6863493.499999755),5483.0,2025-04-14,1
IDFM:71315,Victor Hugo,2.285865383267522,48.86989032700777,POINT (647615.3499981501 6863554.9999993285),10653.0,2025-04-14,1
IDFM:71318,Franklin D. Roosevelt,2.3094639316569183,48.86895070850037,POINT (649345.439975907 6863435.124993989),30457.0,2025-04-14,2
IDFM:71320,Bonne Nouvelle,2.3484987227832232,48.87056240056258,POINT (652210.2650036821 6863589.999998405),12110.0,2025-04-14,2
IDFM:71321,Avenue Foch,2.2747712644338454,48.86985281215763,POINT (646801.5361000001 6863558.245800002),1449.0,2025-04-14,1
IDFM:71322,Jacques Bonsergent,2.3610777456486387,48.87064369715,POINT (653133.0300017154 6863591.499998612),6342.0,2025-04-14,1
IDFM:71324,Madeleine,2.325648753490293,48.87007910706024,POINT (650533.7266433901 6863550.333253762),23760.0,2025-04-14,3
IDFM:71326,Grands Boulevards,2.343029961637681,48.87151054167439,POINT (651809.9999969858 6863698.749986948),17010.0,2025-04-14,2
IDFM:71328,George V,2.300759784978918,48.87203776458909,POINT (648710 6863784),20379.0,2025-04-14,1
IDFM:71330,Richelieu - Drouot,2.338521740839731,48.87193875570685,POINT (651479.7200284422 6863749.124993253),14844.0,2025-04-14,2
IDFM:71333,Château d'Eau,2.355976595591061,48.872460003356586,POINT (652760.4999985938 6863796.499997381),11855.0,2025-04-14,1
IDFM:71334,Saint-Philippe-du-Roule,2.310069452644321,48.87215474055668,POINT (649392.9700000186 6863790.999997869),8939.0,2025-04-14,1
IDFM:71337,Opéra,2.3319027217615926,48.87080667061443,POINT (650993.1529209388 6863627.333157795),26937.0,2025-04-14,3
IDFM:71346,Miromesnil,2.3153203165187417,48.87359011000806,POINT (649779.4998653651 6863947.249797269),19079.0,2025-04-14,2
IDFM:71347,Charles de Gaulle - Etoile,2.2952789918202123,48.87421736341295,POINT (648310.1517433971 6864029.928482637),64754.0,2025-04-14,4
IDFM:71348,Argentine,2.289435418542214,48.87566737659971,POINT (647883 6864195),9267.0,2025-04-14,1
IDFM:71350,Notre-Dame-de-Lorette,2.337887195522985,48.87603960305532,POINT (651437.0000000867 6864205.499999912),8451.0,2025-04-14,1
IDFM:71351,Cadet,2.344415096740965,48.87600583260345,POINT (651915.7499981254 6864197.74999947),7448.0,2025-04-14,1
IDFM:71355,Trinité - d'Estienne d'Orves,2.333039903288201,48.87629373715784,POINT (651081.7200005571 6864236.749999863),5950.0,2025-04-14,1
IDFM:71359,Gare de l'Est,2.3583177149184347,48.87657290319617,POINT (652935.9352152186 6864252.428217448),98297.0,2025-04-14,5
IDFM:71363,Poissonnière,2.3487668713373564,48.8771222783804,POINT (652235.9499983707 6864319.249999582),8555.0,2025-04-14,1
IDFM:71366,Saint-Georges,2.337512629709881,48.87838929383061,POINT (651411.7200022168 6864466.99999838),1549.0,2025-04-14,1
IDFM:71367,Ternes,2.2981134704077752,48.87821424184534,POINT (648521.9999999965 6864472.499999992),8158.0,2025-04-14,1
IDFM:71370,Gare Saint-Lazare,2.325168369890476,48.87603237460967,POINT (650504.1469013721 6864212.593628971),257281.0,2025-04-14,7
IDFM:71376,Courcelles,2.303294362425212,48.87926525411311,POINT (648903 6864586),7008.0,2025-04-14,1
IDFM:71379,Neuilly Porte Maillot,2.283030323638815,48.87810536937706,POINT (647415.686890911 6864470.332994751),15176.0,2025-04-14,3
IDFM:71379,Neuilly Porte Maillot,2.283030323638815,48.87810536937706,POINT (647415.686890911 6864470.332994751),7552.0,2025-04-14,3
IDFM:71382,Liège,2.326898849339256,48.87962288215755,POINT (650634.470005707 6864610.749998571),4869.0,2025-04-14,1
IDFM:71403,Villiers,2.3157708219094624,48.8811864710656,POINT (649819.8624956283 6864791.62499905),12926.0,2025-04-14,2
IDFM:71407,Louis Blanc,2.364560765671309,48.88113161393328,POINT (653397.8999399111 6864755.624954715),5735.0,2025-04-14,2
IDFM:71408,Rome,2.321381575871181,48.88230097911558,POINT (650232.3999985827 6864911.999999678),6047.0,2025-04-14,1
IDFM:71409,Pigalle,2.337717783942994,48.88212490933821,POINT (651430.2500790071 6864882.249872906),14814.0,2025-04-14,2
IDFM:71410,Gare du Nord,2.356961332900505,48.88093756225323,POINT (652840.4061864605 6864738.559468814),108211.0,2025-04-14,7
IDFM:71416,Malesherbes,2.3094631286490457,48.88280165831574,POINT (649358.8500013322 6864975.249999631),4729.0,2025-04-14,1
IDFM:71419,Anvers,2.344154840330292,48.882868568843925,POINT (651903 6864960.999999999),16200.0,2025-04-14,1
IDFM:71420,Blanche,2.3324843754343627,48.88376635447715,POINT (651048 6865068),11483.0,2025-04-14,1
IDFM:71422,Puteaux,2.2336164976472146,48.8833721630466,POINT (643797.3500000015 6865090),3784.0,2025-04-14,2
IDFM:71423,Wagram,2.304649114155696,48.88380353314642,POINT (649006.8000014437 6865089.7499996275),5857.0,2025-04-14,1
IDFM:71426,Barbès - Rochechouart,2.350138989042999,48.88361391791004,POINT (652342.5251264971 6865040.2499014875),22477.0,2025-04-14,2
IDFM:71432,Abbesses,2.338381056700712,48.88438814630737,POINT (651481.0000000867 6865133.499999912),8493.0,2025-04-14,1
IDFM:71435,Place de Clichy,2.3276310914373117,48.8837189621832,POINT (650692.0499942143 6865065.749957746),20884.0,2025-04-14,2
IDFM:71442,Pont de Neuilly,2.2585090011586413,48.88549396970996,POINT (645625.0000000867 6865308.499999912),21292.0,2025-04-14,1
IDFM:71450,Porte de Champerret,2.2919803147477458,48.88569432990956,POINT (648079.6499921214 6865308.249991871),6786.0,2025-04-14,1
IDFM:71453,Péreire Levallois,2.298204330611193,48.88526706506045,POINT (648535.6338794967 6865256.666403487),6613.0,2025-04-14,2
IDFM:71453,Péreire Levallois,2.298204330611193,48.88526706506045,POINT (648535.6338794967 6865256.666403487),2975.0,2025-04-14,2
IDFM:71469,Château Rouge,2.3494738880152504,48.88716040405824,POINT (652297.0000123607 6865434.999994138),22825.0,2025-04-14,1
IDFM:71474,La Fourche,2.3256053364099643,48.8874090619212,POINT (650547.0000053539 6865477.333324773),6421.0,2025-04-14,1
IDFM:71475,Pont Cardinet,2.3145031454962357,48.88820037358227,POINT (649733.6664486841 6865572.33277208),21125.0,2025-04-14,2
IDFM:71475,Pont Cardinet,2.3145031454962357,48.88820037358227,POINT (649733.6664486841 6865572.33277208),10884.0,2025-04-14,2
IDFM:71485,Esplanade de la Défense,2.249917579737702,48.88834081597904,POINT (644998.0000001718 6865630.999999911),33492.0,2025-04-14,1
IDFM:71492,Lamarck - Caulaincourt,2.3385237071826577,48.88969047112181,POINT (651496.3999992528 6865722.9999983255),4753.0,2025-04-14,1
IDFM:71510,Marx Dormoy,2.3598771806310284,48.89059343567693,POINT (653062.9500013228 6865810.499997788),7917.0,2025-04-14,1
IDFM:71511,Marcadet - Poissonniers,2.3498076908865646,48.89139016762248,POINT (652325.350030741 6865905.124980343),16370.0,2025-04-14,2
IDFM:71517,La Défense,2.238254899783424,48.89201441896574,POINT (644146.7667067371 6866047.666648039),139461.0,2025-04-14,5
IDFM:71517,La Défense,2.238254899783424,48.89201441896574,POINT (644146.7667067371 6866047.666648039),49441.0,2025-04-14,5
IDFM:71519,Anatole France,2.2848969578464158,48.89221960150526,POINT (647566.7999984204 6866038.499996672),9687.0,2025-04-14,1
IDFM:71521,Jules Joffrin,2.3443200293804827,48.892492268201934,POINT (651924 6866031),2807.0,2025-04-14,1
IDFM:71528,Guy Môquet,2.327483258626126,48.8930014419616,POINT (650690 6866098.000000002),11103.0,2025-04-14,1
IDFM:71545,Porte de Clichy,2.313928893950484,48.89439134703837,POINT (649697.5399787177 6866261.099520256),25789.0,2025-04-14,3
IDFM:71545,Porte de Clichy,2.313928893950484,48.89439134703837,POINT (649697.5399787177 6866261.099520256),3863.0,2025-04-14,3
IDFM:71556,Simplon,2.347794968187123,48.8938152613519,POINT (652180 6866175.999999998),8157.0,2025-04-14,1
IDFM:71557,Olympiades,2.366978696236366,48.827033798236215,POINT (653526.9999929701 6858738.99999822),17848.0,2025-04-14,1
IDFM:71558,Liberté,2.4064503453011463,48.82611425127182,POINT (656423.9700019471 6858614.249999151),7002.0,2025-04-14,1
IDFM:71572,Bibliothèque François Mitterrand,2.376889889451254,48.82960408868407,POINT (654256.8662212017 6859018.999814762),25700.0,2025-04-14,2
IDFM:71572,Bibliothèque François Mitterrand,2.376889889451254,48.82960408868407,POINT (654256.8662212017 6859018.999814762),12154.0,2025-04-14,2
IDFM:71576,Cour Saint-Emilion,2.3865413797891235,48.83333465054679,POINT (654968.5999983263 6859428.249997284),14946.0,2025-04-14,1
IDFM:71579,Porte de Charenton,2.402442424195971,48.83352981878659,POINT (656135.9699920989 6859440.999997496),7266.0,2025-04-14,1
IDFM:71590,Nogent-sur-Marne,2.471683791180998,48.834306538503405,POINT (661219.1661999971 6859491.128199998),8838.0,2025-04-14,1
IDFM:71591,Porte Dorée,2.405811647193832,48.83504179727976,POINT (656384.5499978448 6859607.249998186),8257.0,2025-04-14,1
IDFM:71595,Michel Bizot,2.4023235835263472,48.83703899249338,POINT (656130.2000023288 6859831.249999043),5200.0,2025-04-14,1
IDFM:71597,Quai de la Gare,2.372795631332857,48.83703845007442,POINT (653962.8749985143 6859847.999999546),7123.0,2025-04-14,1
IDFM:71606,Dugommier,2.389600270339502,48.83899381118712,POINT (655197.9999999691 6860055.749999909),6443.0,2025-04-14,1
IDFM:71607,Bercy,2.3802804603590024,48.83983939101494,POINT (654514.6982584812 6860155.098188386),21732.0,2025-04-14,3
IDFM:71609,Nogent - Le Perreux,2.4939549579206104,48.839991175687295,POINT (662858 6860112.499999999),4800.0,2025-04-14,1
IDFM:71614,Daumesnil,2.395860477171391,48.83957982312876,POINT (655657.9749616415 6860117.374961537),12661.0,2025-04-14,2
IDFM:71630,Fontenay-sous-Bois,2.463537806527943,48.8437885964859,POINT (660628.3857000023 6860549.476399999),8613.0,2025-04-14,1
IDFM:71631,Montgallet,2.390460985030142,48.84403461549573,POINT (655265.5000025225 6860615.74999821),3597.0,2025-04-14,1
IDFM:71634,Château de Vincennes,2.440540095406114,48.84431751431355,POINT (658941 6860620),13243.0,2025-04-14,1
IDFM:71637,Quai de la Rapée,2.3659387708439787,48.84645908984157,POINT (653468.0000024094 6860899.499998569),3236.0,2025-04-14,1
IDFM:71639,Picpus,2.401261404138101,48.845060462352265,POINT (656059.00000079 6860723.749999822),3403.0,2025-04-14,1
IDFM:71647,Saint-Mandé,2.418976030438258,48.8462337777095,POINT (657359.9999999141 6860844.4999999115),16251.0,2025-04-14,1
IDFM:71650,Bérault,2.429216428632543,48.84544892233019,POINT (658110.8750006888 6860751.749999843),8408.0,2025-04-14,1
IDFM:71651,Vincennes,2.4325836014183,48.84734683460296,POINT (658359.5 6860961),26353.0,2025-04-14,1
IDFM:71654,Reuilly - Diderot,2.3865131391469943,48.84722289004289,POINT (654978.5249442693 6860972.499844588),17811.0,2025-04-14,2
IDFM:71663,Porte de Vincennes,2.4108049967015006,48.84700773108863,POINT (656761 6860934.999999999),19265.0,2025-04-14,1
IDFM:71673,Nation,2.3958724475869517,48.84833825128904,POINT (655666.3044629665 6861091.222213612),36602.0,2025-04-14,5
IDFM:71693,Ledru-Rollin,2.376033068527142,48.85126525451053,POINT (654213.0000109985 6861427.999994214),8837.0,2025-04-14,1
IDFM:71694,Rue des Boulets,2.3892673369434028,48.85229134830575,POINT (655185.0000175994 6861534.499987278),6426.0,2025-04-14,1
IDFM:71697,Avron,2.398127097579457,48.8516325008284,POINT (655834.5500013528 6861456.249998279),4688.0,2025-04-14,1
IDFM:71703,Maraîchers,2.4060437756885484,48.85269057571818,POINT (656416.3499997014 6861569.499999908),7341.0,2025-04-14,1
IDFM:71710,Porte de Montreuil,2.4107108825255184,48.8535230660748,POINT (656759.4999995852 6861659.499999898),11280.0,2025-04-14,1
IDFM:71718,Val de Fontenay,2.4890536307751616,48.85424654032024,POINT (662508.5209000036 6861699.895399998),26679.0,2025-04-14,2
IDFM:71725,Robespierre,2.422959010064412,48.85571421122268,POINT (657659.9999991979 6861896.499999832),11150.0,2025-04-14,1
IDFM:71728,Alexandre Dumas,2.3946520762138035,48.85622188788925,POINT (655583.4700019334 6861968.49999825),8055.0,2025-04-14,1
IDFM:71750,Voltaire,2.380119852868364,48.85769886496973,POINT (654518.5000044936 6862140.999996287),12955.0,2025-04-14,1
IDFM:71751,Philippe Auguste,2.390522651148931,48.85813227469831,POINT (655282.1250015086 6862183.249999604),5076.0,2025-04-14,1
IDFM:71756,Croix de Chavaux,2.4358546126745826,48.857992585158016,POINT (658608 6862143),11240.0,2025-04-14,1
IDFM:71777,Saint-Sébastien - Froissart,2.3672479102023622,48.86096807362991,POINT (653577.0000031571 6862511.99999299),4187.0,2025-04-14,1
IDFM:71781,Saint-Ambroise,2.3739384950668683,48.8614484381884,POINT (654068.280002581 6862561.499998368),8427.0,2025-04-14,1
IDFM:71785,Mairie de Montreuil,2.441629021849065,48.86229378395542,POINT (659035.0499946948 6862618.249983185),19465.0,2025-04-14,1
IDFM:71787,Père Lachaise,2.3869143437368017,48.86273534907119,POINT (655021.3597287519 6862697.124756454),11878.0,2025-04-14,2
IDFM:71795,Rue Saint-Maur,2.380473183106445,48.8640905417235,POINT (654550.0000007494 6862851.499999832),7661.0,2025-04-14,1
IDFM:71799,Porte de Bagnolet,2.408788815134894,48.86443387140319,POINT (656627.5499948523 6862873.749998921),10829.0,2025-04-14,1
IDFM:71801,Parmentier,2.374700636647176,48.86520268584962,POINT (654127.5000011383 6862978.499999723),6982.0,2025-04-14,1
IDFM:71803,Oberkampf,2.368377586864978,48.86471868733732,POINT (653663.2149738788 6862928.3749825535),11984.0,2025-04-14,2
IDFM:71808,Gambetta,2.397946647884832,48.86498012948854,POINT (655832.6250424669 6862940.499837414),18157.0,2025-04-14,2
IDFM:71815,Ménilmontant,2.3834850285048974,48.86641515346357,POINT (654772.9700019135 6863108.249998567),9620.0,2025-04-14,1
IDFM:71817,Gallieni,2.415925722835426,48.86526258059952,POINT (657151.7999991882 6862961.999999084),14122.0,2025-04-14,1
IDFM:71828,Pelleport,2.4015515768154527,48.868442677507154,POINT (656099.9999982759 6863323.499998595),818.0,2025-04-14,1
IDFM:71834,Couronnes,2.380411328831147,48.86925693213847,POINT (654549.9700108989 6863425.999992757),6985.0,2025-04-14,1
IDFM:71840,Goncourt,2.37092163624415,48.86997187050149,POINT (653854.4999921276 6863510.9999885205),8185.0,2025-04-14,1
IDFM:71853,Belleville,2.3767274067436235,48.87211568559891,POINT (654282.2500030582 6863745.99999611),26045.0,2025-04-14,2
IDFM:71860,Saint-Fargeau,2.4044297638085546,48.87186551514999,POINT (656313.99999785 6863702.499997818),1919.0,2025-04-14,1
IDFM:71864,Pyrénées,2.3850434366591364,48.873815722549054,POINT (654893.7000005969 6863930.2499881815),7439.0,2025-04-14,1
IDFM:71868,Jourdain,2.389325378910096,48.875247348641416,POINT (655209 6864087),7913.0,2025-04-14,1
IDFM:71870,Télégraphe,2.3986616714546827,48.87551494906394,POINT (655894.0000000866 6864111.499999914),6286.0,2025-04-14,1
IDFM:71885,Place des Fêtes,2.393079452409435,48.87679530466304,POINT (655485.6666545473 6864256.99999624),7177.0,2025-04-14,2
IDFM:71889,Porte des Lilas,2.406764648199537,48.87691786435206,POINT (656489.4848915165 6864262.999967921),12240.0,2025-04-14,2
IDFM:71893,Colonel Fabien,2.3705218388067606,48.87767257716349,POINT (653832.0000017287 6864367.499998592),10662.0,2025-04-14,1
IDFM:71897,Montreuil - Hôpital,2.454675723376714,48.87830133516439,POINT (660004.5000002873 6864391.499999929),5893.0,2025-04-14,1
IDFM:71900,Buttes Chaumont,2.3816013817737467,48.87846102976501,POINT (654645.2799983055 6864448.749999478),1178.0,2025-04-14,1
IDFM:71906,Botzaris,2.3889045312503923,48.879485546434765,POINT (655181.7799997497 6864558.4999998715),2293.0,2025-04-14,1
IDFM:71909,Mairie des Lilas,2.416323864270524,48.8797010590184,POINT (657192.874998435 6864567.249999607),8411.0,2025-04-14,1
IDFM:71911,Pré-Saint-Gervais,2.398580770693528,48.8801595806643,POINT (655892 6864628),1061.0,2025-04-14,1
IDFM:71920,Bolivar,2.374138505943147,48.8807897342535,POINT (654100.0000000007 6864711.999999915),1158.0,2025-04-14,1
IDFM:71930,Danube,2.393228471227492,48.88194921492064,POINT (655501 6864830),1319.0,2025-04-14,1
IDFM:71935,Rosny-sous-Bois,2.4857557993217947,48.87007067367753,POINT (662278 6863461.0025),5888.0,2025-04-14,1
IDFM:71940,Jaurès,2.3706939085883936,48.8823335110346,POINT (653848.7504123244 6864885.6665202845),14027.0,2025-04-14,3
IDFM:71947,Romainville-Carnot,2.4406836345689067,48.88363272273922,POINT (658982.5000005085 6864991.499999804),6810.0,2025-04-14,1
IDFM:71957,Laumière,2.379351384185246,48.88516736748808,POINT (654486.1249981244 6865195.74999923),11160.0,2025-04-14,1
IDFM:71961,Stalingrad,2.36735277866975,48.884256946349744,POINT (653605.4417064665 6865101.499214063),15771.0,2025-04-14,3
IDFM:71972,Ourcq,2.3866642761809373,48.8870329280158,POINT (655024.0000020135 6865398.999999223),9547.0,2025-04-14,1
IDFM:71977,Riquet,2.373716808722226,48.88813277829969,POINT (654075.5499983592 6865528.749998942),5288.0,2025-04-14,1
IDFM:71989,Porte de Pantin,2.3920918433350398,48.88849727447351,POINT (655423.2499983275 6865558.749999491),11266.0,2025-04-14,1
IDFM:72004,Hoche,2.403163071828535,48.89139257165104,POINT (656237.4999928802 6865874.499998402),13413.0,2025-04-14,1
IDFM:72013,Crimée,2.376986898492186,48.890850052275226,POINT (654317.7199974174 6865828.999998741),13123.0,2025-04-14,1
IDFM:72024,Église de Pantin,2.4130972766523064,48.8932043341331,POINT (656967.3999987316 6866070.499999695),11085.0,2025-04-14,1
IDFM:72031,Corentin Cariou,2.382291557164633,48.89467266005628,POINT (654710 6866251.000000003),6908.0,2025-04-14,1
IDFM:72037,Bondy,2.4795800358385867,48.893965864676495,POINT (661842.5 6866121.000000002),8075.0,2025-04-14,1
IDFM:72039,Bobigny-Pantin - Raymond Queneau,2.42629313749642,48.89561998613439,POINT (657936.874999607 6866331.999999874),9670.0,2025-04-14,1
IDFM:72041,Noisy-le-Sec,2.45919809568668,48.8966634168645,POINT (660350.1613999978 6866431),15091.0,2025-04-14,1
IDFM:72057,Pont de Levallois - Bécon,2.280241975843987,48.897207709932175,POINT (647230.5500017763 6866596.2499981895),11825.0,2025-04-14,1
IDFM:72064,Porte de la Chapelle,2.35917619980528,48.89740653215938,POINT (653017.6999995616 6866568.499997574),6883.0,2025-04-14,1
IDFM:72073,Clichy - Levallois,2.2974715210323566,48.89750112711205,POINT (648494 6866617.500000002),16386.0,2025-04-14,1
IDFM:72078,Porte de Saint-Ouen,2.3290346437273017,48.89750225718884,POINT (650807.999999914 6866597.499999914),9291.0,2025-04-14,1
IDFM:72118,Mairie de Clichy,2.3057873534637348,48.90347388953562,POINT (649109.5000021412 6867276.249998218),15389.0,2025-04-14,1
IDFM:72124,Bécon les Bruyères,2.268790065027107,48.90549079769296,POINT (646399.5 6867525),9030.0,2025-04-14,1
IDFM:72126,Saint-Ouen,2.3227035220854284,48.90498146147798,POINT (650350.9771348911 6867433.116094733),19374.0,2025-04-14,2
IDFM:72126,Saint-Ouen,2.3227035220854284,48.90498146147798,POINT (650350.9771348911 6867433.116094733),3195.0,2025-04-14,2
IDFM:72128,Garibaldi,2.331935213143291,48.90637673599742,POINT (651028.9999998298 6867582.499999654),6568.0,2025-04-14,1
IDFM:72132,Asnières-sur-Seine,2.2832114335873186,48.90587474197106,POINT (647457 6867557.999999999),8412.0,2025-04-14,2
IDFM:72148,La Garenne-Colombes,2.239794753045828,48.90957685679064,POINT (644278.4708999991 6867999.4218999995),6530.0,2025-04-14,1
IDFM:72168,Mairie de Saint-Ouen,2.333665322354194,48.911831694858016,POINT (651160.9375363917 6868187.999982872),21280.0,2025-04-14,2
IDFM:72177,Les Vallées,2.2572045759752384,48.91365276270651,POINT (645558.8017000034 6868440.499999998),6537.0,2025-04-14,1
IDFM:72179,Bois-Colombes,2.2716490888242244,48.91419560591249,POINT (646618 6868491),7021.0,2025-04-14,1
IDFM:72203,Gabriel Péri,2.2946481181891354,48.91637016011748,POINT (648305.7500014021 6868717.499999063),14254.0,2025-04-14,1
IDFM:72206,Stade de France Saint-Denis,2.3504430479100207,48.91769737260247,POINT (652396 6868830),9927.0,2025-04-14,1
IDFM:72211,La Plaine Stade de France,2.362459916604931,48.918076675621,POINT (653277 6868865),18375.0,2025-04-14,1
IDFM:72217,Carrefour Pleyel,2.34348916376782,48.91977057893981,POINT (651888.2999975579 6869064.749998987),5010.0,2025-04-14,1
IDFM:72240,Les Agnettes,2.286209517813441,48.92307172035183,POINT (647694.0500012018 6869468.249998639),7456.0,2025-04-14,1
IDFM:72244,Colombes,2.259318757710957,48.92395845032284,POINT (645724.5 6869585),7707.0,2025-04-14,1
IDFM:72285,Saint-Denis - Porte de Paris,2.3561729251016,48.92992275044576,POINT (652827.0000000001 6870186.000000002),11651.0,2025-04-14,1
IDFM:72286,Asnières - Gennevilliers Les Courtilles,2.284294438022778,48.93057395042592,POINT (647561.2800032215 6870303.749997129),11424.0,2025-04-14,1
IDFM:72287,Le Stade,2.260948512567054,48.93172049557505,POINT (645852 6870447),4400.0,2025-04-14,1
IDFM:72303,Gennevilliers,2.307982254553742,48.93282405536431,POINT (649299 6870538.487300002),3726.0,2025-04-14,1
IDFM:72323,Saint-Denis,2.345479004987329,48.93482889939617,POINT (652048 6870738.000000001),28954.0,2025-04-14,2
IDFM:72326,Basilique de Saint-Denis,2.3593637337500226,48.93677893179485,POINT (653066.9699995874 6870946.4999978645),12957.0,2025-04-14,1
IDFM:72358,Saint-Denis - Université,2.3645125322765894,48.94587108813988,POINT (653452.2999989609 6871954.499999771),14588.0,2025-04-14,1
IDFM:72383,Épinay-sur-Seine,2.302388375122374,48.95382604164122,POINT (648909.8056999967 6872877.5038),3926.0,2025-04-14,1
IDFM:72383,Épinay-sur-Seine,2.302388375122374,48.95382604164122,POINT (648909.8056999967 6872877.5038),1955.0,2025-04-14,1
IDFM:72421,Pantin,2.4010414542870944,48.897987452300434,POINT (656087.5 6866608.999999998),11438.0,2025-04-14,1
IDFM:72430,Porte de la Villette,2.385823925139694,48.89783393703324,POINT (654971.7199980075 6866600.499999022),9148.0,2025-04-14,1
IDFM:72460,Aubervilliers-Pantin Quatre Chemins,2.392167476863534,48.90377702537759,POINT (655441.8749984971 6867257.749998682),16968.0,2025-04-14,1
IDFM:72486,Bobigny Pablo Picasso,2.449164239052416,48.906366164568425,POINT (659622.0500000608 6867514.9999912735),22128.0,2025-04-14,1
IDFM:72491,Aimé Césaire,2.3780834205243178,48.90841035525372,POINT (654413.5000018097 6867780.999998904),4962.0,2025-04-14,1
IDFM:72524,Mairie d'Aubervilliers,2.3808168612986567,48.91373490586491,POINT (654618.4999997879 6868371.49999946),8073.0,2025-04-14,1
IDFM:72598,La Courneuve - Aubervilliers,2.3861140570949475,48.92429743203911,POINT (655015.8685000017 6869543.000100003),16933.0,2025-04-14,1
IDFM:72641,Le Bourget,2.425825637815098,48.930744340383264,POINT (657931.000500001 6870237.999999999),16490.0,2025-04-14,1
IDFM:72641,Le Bourget,2.425825637815098,48.930744340383264,POINT (657931.000500001 6870237.999999999),4788.0,2025-04-14,1
IDFM:72646,Aulnay-sous-Bois,2.495597257086315,48.932150935734064,POINT (663044 6870359.500000001),21229.0,2025-04-14,2
IDFM:72648,Le Blanc-Mesnil,2.4753884360764298,48.93230698220945,POINT (661563.5 6870386.500000001),3401.0,2025-04-14,1
IDFM:72652,Drancy,2.454883180745302,48.932732553959134,POINT (660061.5 6870444),11129.0,2025-04-14,1
IDFM:72787,Pierrefitte - Stains,2.3703314284767747,48.96277628555098,POINT (653893.5 6873830.967700002),10300.0,2025-04-14,1
IDFM:72787,Pierrefitte - Stains,2.3703314284767747,48.96277628555098,POINT (653893.5 6873830.967700002),2438.0,2025-04-14,1
IDFM:72881,Boissy-Saint-Léger,2.504498176690716,48.752267307821874,POINT (663570.6194000021 6850353.852299999),8750.0,2025-04-14,1
IDFM:72929,Sucy - Bonneuil,2.5074994611650823,48.77206393780998,POINT (663805 6852553.531500001),8772.0,2025-04-14,1
IDFM:72998,La Varenne - Chennevières,2.5132322873015256,48.79532749459459,POINT (664242.2585000023 6855137.4937),6476.0,2025-04-14,1
IDFM:73042,Champigny,2.510538043646919,48.80682309456137,POINT (664052.2660999969 6856416.882700001),11528.0,2025-04-14,1
IDFM:73096,Les Yvris Noisy-le-Grand,2.579980456371948,48.82311348135466,POINT (669161.9334999993 6858198.828299999),1182.0,2025-04-14,1
IDFM:73097,Villiers-sur-Marne - Le Plessis-Trévise,2.542644466674205,48.82324786783017,POINT (666420.8205000013 6858229),11349.0,2025-04-14,1
IDFM:73098,Les Boullereaux Champigny,2.511990843607618,48.82486398816196,POINT (664171.3606999964 6858422.168299998),3401.0,2025-04-14,1
IDFM:73163,Noisy - Champs,2.580103342831972,48.84289619599068,POINT (669182.6529999971 6860398.4419),18950.0,2025-04-14,1
IDFM:73166,Bry-sur-Marne,2.525670945020106,48.84513747628085,POINT (665189.2550000027 6860670.274499999),8386.0,2025-04-14,1
IDFM:73190,Neuilly-Plaisance,2.5145898211367705,48.85252451313788,POINT (664381.0769999996 6861496.5971),18355.0,2025-04-14,1
IDFM:73266,Le Chénay Gagny,2.5527724908646303,48.8771591253828,POINT (667198.3672000021 6864219.2733),4252.0,2025-04-14,1
IDFM:73278,Gagny,2.5254046016945138,48.883728731604535,POINT (665195.5 6864961.500000001),6973.0,2025-04-14,1
IDFM:73297,Le Raincy - Villemomble - Montfermeil,2.513061005684412,48.8888544132907,POINT (664293.8073000014 6865536.9662),9213.0,2025-04-14,1
IDFM:73439,Sevran - Livry,2.5352889927291447,48.93640164880271,POINT (665954.8352999985 6870814.337800001),7042.0,2025-04-14,1
IDFM:73482,Vert Galant,2.5663968806983126,48.944091645418105,POINT (668238.500500001 6871656.5161000015),8438.0,2025-04-14,1
IDFM:73491,Sevran Beaudottes,2.5247262164471342,48.94700236504643,POINT (665188.1010000035 6871997.760899997),11444.0,2025-04-14,1
IDFM:73547,Villepinte,2.512783848981341,48.96256540760733,POINT (664324.0600999966 6873733.747499998),3196.0,2025-04-14,1
IDFM:73568,Parc des Expositions,2.514551290822596,48.97356812654279,POINT (664461 6874956.5),4891.0,2025-04-14,1
IDFM:73596,Aéroport CDG 1 (Terminal 3) - RER,2.5614121946317394,49.00979397116337,POINT (667913.9584999979 6878965),11384.0,2025-04-14,1
IDFM:73603,L'Étang-la-Ville,2.076893601882248,48.86818814962987,POINT (632284.8348999992 6863524.654599999),492.0,2025-04-14,1
IDFM:73604,Achères Ville,2.077726524656544,48.97064357081442,POINT (632479 6874916.3487),3479.0,2025-04-14,2
IDFM:73605,Conflans Fin d'Oise,2.07464992457102,48.99115628725848,POINT (632280.5 6877199.999999999),4655.0,2025-04-14,3
IDFM:73614,Courbevoie,2.249189818087758,48.89861561377405,POINT (644955.5 6866774),4240.0,2025-04-14,1
IDFM:73617,Europe,2.3222402805851727,48.87876696184725,POINT (650292.0000010444 6864518.499998608),4316.0,2025-04-14,1
IDFM:73618,Odéon,2.340078301868872,48.85206276351346,POINT (651575.4224377582 6861538.124844875),15507.0,2025-04-14,2
IDFM:73620,Saint-Michel Notre-Dame,2.344305412041684,48.85340093550769,POINT (651886.8331587776 6861684.333231685),30691.0,2025-04-14,3
IDFM:73620,Saint-Michel Notre-Dame,2.344305412041684,48.85340093550769,POINT (651886.8331587776 6861684.333231685),25605.0,2025-04-14,3
IDFM:73621,Bréguet-Sabin,2.370264676783528,48.856230932868456,POINT (653794.1249986882 6861983.499997726),6407.0,2025-04-14,1
IDFM:73622,Chemin Vert,2.368158349075512,48.85709669535618,POINT (653640.3500008159 6862080.999998131),3808.0,2025-04-14,1
IDFM:73624,Le Vert de Maisons,2.4321242678299977,48.78883131123265,POINT (658279 6854455.000000001),3861.0,2025-04-14,1
IDFM:73625,Maisons-Alfort - Alfortville,2.4264376603578035,48.80217813521484,POINT (657872 6855942.000000001),18428.0,2025-04-14,1
IDFM:73626,Gare de Lyon,2.373653527249036,48.84475406594647,POINT (654032.648853584 6860705.399089077),149435.0,2025-04-14,6
IDFM:73627,Grand Bourg,2.4348387319350167,48.64880840591746,POINT (658367 6838886.000000001),200.0,2025-04-14,1
IDFM:73630,Louvre - Rivoli,2.3409495203765065,48.86084412152512,POINT (651647.5000041651 6862513.999998742),9029.0,2025-04-14,1
IDFM:73633,Strasbourg - Saint-Denis,2.353988155316657,48.86949945502999,POINT (652611.9567117391 6863468.4999550665),24963.0,2025-04-14,3
IDFM:73634,Sentier,2.3475337633798885,48.867315017977134,POINT (652136.5000008899 6863229.499999755),9397.0,2025-04-14,1
IDFM:73635,Bourse,2.3406652568921062,48.86876579045145,POINT (651634.0000005052 6863394.999999878),9440.0,2025-04-14,1
IDFM:73636,Réaumur - Sébastopol,2.352267589771296,48.86619631628517,POINT (652482.7349547534 6863102.24997158),15760.0,2025-04-14,2
IDFM:73639,Mabillon,2.335114818670584,48.85290204083125,POINT (651211.9999976966 6861634.499999483),3910.0,2025-04-14,1
IDFM:73640,Rennes,2.327903935177659,48.84826153607732,POINT (650678.4999882233 6861122.999993512),2944.0,2025-04-14,1
IDFM:73641,Falguière,2.317529973540536,48.84438051774564,POINT (649913.4999981152 6860697.999999609),2333.0,2025-04-14,1
IDFM:73642,Assemblée Nationale,2.320632758170991,48.86109699480345,POINT (650157.2000019951 6862554.749998447),2898.0,2025-04-14,1
IDFM:73647,Charonne,2.384835147558965,48.85497344024961,POINT (654862.1000025148 6861835.249998629),9869.0,2025-04-14,1
IDFM:73648,Richard-Lenoir,2.371881885282108,48.85986830265463,POINT (653915.9999991528 6862386.999997838),6346.0,2025-04-14,1
IDFM:73650,Bel-Air,2.400867131995259,48.84142733223358,POINT (656027 6860320),6263.0,2025-04-14,1
IDFM:73651,Chevaleret,2.3680882033727064,48.8349541249987,POINT (653615.4999999126 6859618.999999974),10527.0,2025-04-14,1
IDFM:73653,Mouton-Duvernet,2.3298389941155806,48.831359797332574,POINT (650804.549998469 6859242.499998889),4074.0,2025-04-14,1
IDFM:73656,Kléber,2.293236027618929,48.87139551248707,POINT (648157.4999880765 6863717.499995911),4058.0,2025-04-14,1
IDFM:73657,Jasmin,2.26807618758404,48.852447783285065,POINT (646292.5000028023 6861627.499990475),5702.0,2025-04-14,1
IDFM:73658,Michel-Ange - Molitor,2.261655119194305,48.8449825620033,POINT (645813.5833527492 6860801.833324824),5465.0,2025-04-14,2
IDFM:73661,Brochant,2.320047532054656,48.89063694336947,POINT (650142.5499969184 6865839.749990559),5350.0,2025-04-14,1
IDFM:73667,Louise Michel,2.2882229279373565,48.88851619143403,POINT (647806.9500017513 6865624.499998558),8610.0,2025-04-14,1
IDFM:73671,Monceau,2.309412967374703,48.88056877012684,POINT (649353 6864727.000000001),4894.0,2025-04-14,1
IDFM:73675,Gaîté,2.3224087830923903,48.8385353890521,POINT (650265.9700007057 6860044.999998596),8308.0,2025-04-14,1
IDFM:73688,Haussmann Saint-Lazare,2.328646179742093,48.87499886200119,POINT (650758.2453000024 6864095.500000001),28676.0,2025-04-14,1
IDFM:73689,Chaussée d'Antin - La Fayette,2.333844863834009,48.87300664124759,POINT (651137.6749675658 6863870.749989365),20258.0,2025-04-14,2
IDFM:73690,Saint-Augustin,2.3210225841060685,48.87458938253389,POINT (650198.7000005401 6864054.749999865),7719.0,2025-04-14,1
IDFM:73695,Fort d'Aubervilliers,2.4041315995335246,48.914732203978005,POINT (656328.0999980528 6868469.2499985155),10391.0,2025-04-14,1
IDFM:73696,La Courneuve - 8 Mai 1945,2.41011494010648,48.92030822304815,POINT (656771.2499905999 6869085.999994611),18529.0,2025-04-14,1
IDFM:73699,Aéroport Charles de Gaulle 2 (Terminal 2),2.570980047757024,49.0041455478504,POINT (668610.5 6878332.999999999),16182.0,2025-04-14,1
IDFM:73718,Chaville Rive Gauche,2.189425762809199,48.8051904761828,POINT (640467.5 6856429.500000002),1130.0,2025-04-14,1
IDFM:73721,Versailles Château Rive Gauche,2.130150772175517,48.79991350059487,POINT (636107.7641000003 6855889.113899997),5024.0,2025-04-14,1
IDFM:73731,Saint-Cyr,2.072712440765476,48.79877460471833,POINT (631887.5 6855810.500000001),3986.0,2025-04-14,3
IDFM:73731,Saint-Cyr,2.072712440765476,48.79877460471833,POINT (631887.5 6855810.500000001),166.0,2025-04-14,3
IDFM:73749,Saint-Cloud,2.2176312182469986,48.846058536430505,POINT (642584 6860952.580400001),7906.0,2025-04-14,2
IDFM:73753,Chevilly-Larue​ (Marché International​),2.367408556705862,48.75848823845208,POINT (653497.5000002193 6851117.499999463),10535.0,2025-04-14,1
IDFM:73766,Malakoff - Plateau de Vanves,2.298353278801557,48.82217642931661,POINT (648484.2199974471 6858241.499998417),10459.0,2025-04-14,1
IDFM:73788,Pyramides,2.334518015249716,48.8658178943533,POINT (651180.3124934289 6863070.999985895),18913.0,2025-04-14,2
IDFM:73794,Les Halles,2.346066530868496,48.86251574998404,POINT (652024.4499990518 6862696.7499982845),49564.0,2025-04-14,1
IDFM:73798,Rosa Parks,2.373718272865468,48.89645824176388,POINT (654083.0000000001 6866454.499999999),18138.0,2025-04-14,1
IDFM:73844,Champ de Mars Tour Eiffel,2.289656249386548,48.8564765666592,POINT (647880 6862061.000000001),10970.0,2025-04-14,1
IDFM:74001,Faidherbe - Chaligny,2.3840505190359917,48.85015562482148,POINT (654800.350001391 6861299.999999666),7813.0,2025-04-14,1
IDFM:74002,Pont du Garigliano - Hôpital Européen G. Pompidou,2.2704701876900395,48.83888336270874,POINT (646454.2285000011 6860117.6576000005),4877.0,2025-04-14,1
IDFM:74041,Front Populaire,2.365784600591292,48.90671362547604,POINT (653510.4999994822 6867599.499999854),7466.0,2025-04-14,1
IDFM:74265,Sceaux,2.2979282159439305,48.78130792093752,POINT (648412.6097000018 6853697.8049000045),1908.0,2025-04-14,1
