general_name,nb_vald,lat,lon
76 route de Saint-Leu,153965.0,48.9522866725674,2.3377903211239293
Abbesses,3383655.0,48.882599001225785,2.386954420925252
Ablon,634140.0,48.72563703711524,2.419571359809524
Achères Grand Cormier,23165.0,48.955419006523954,2.093650730290918
Achères Ville,1123156.0,48.97048566543032,2.077626879849027
Aimé Césaire,1649620.0,48.9082716605258,2.3777849367132515
Alexandre Dumas,7746330.0,48.893129027517475,2.355172203092084
Allée Royale,32334.0,48.8148545151406,2.078493711441206
Alma Marceau,2378294.0,48.86488223170162,2.3005491210571782
Alésia,2331026.0,48.82817661094765,2.3271429300068087
Anatole France,12063060.0,48.86126431380906,2.330275017517955
Andrésy,234105.0,48.97535763271893,2.046730014352596
Angerville,24116.0,48.31160561950357,2.0037505377493314
Antony,6686118.0,48.754281712627254,2.3014786905550415
Anvers,2676600.0,48.882868568830325,2.344154840330291
Arcueil Cachan,727952.0,48.798643806713244,2.328094786807635
Argenteuil,11128880.0,48.946922075137,2.2578823091142155
Argentine,3842960.0,48.875708112547855,2.2890258302494133
Arpajon,243132.0,48.58599679949327,2.2412169696421245
Arts,4204280.0,48.91596941385379,2.529418872541686
Assemblée Nationale,1412785.0,48.86147263642164,2.3206616650565786
Athis-Mons,204468.0,48.71266832164554,2.4036687241987167
Auber,23706930.0,48.87251285945607,2.3297020730461533
Auberge,517892.0,48.74911116038067,2.414294950904275
Aulnay-sous-Bois,12539968.0,48.93209192082545,2.4957694143109066
Austerlitz,1146365.0,48.87818384886171,2.575542284267031
Auteuil,1215556.0,48.64662557248295,2.2208782720544207
Auvers-sur-Oise,23476.0,49.07034498253814,2.1749164466193154
Avenue Foch,348570.0,48.8698521404861,2.274777870743967
Avenue Henri Martin,494252.0,48.86547110114092,2.272233424676142
Avenue du Président Kennedy,164792.0,48.85353889139849,2.279665638874982
Avigny,37789.0,48.39973420933096,3.226380809149167
Avron,3946266.0,48.85071694209645,2.431652273216649
Aéroport d'Orly,5603860.0,48.72862050853636,2.365374032299776
Bagneaux,15656.0,48.60361428655338,2.9180106362190625
Bagneux,1620783.0,48.79332882151488,2.3220749509583865
Bailly,60964.0,48.836822454217334,2.0747945512488153
Balard,7351806.0,48.83627144517209,2.278242694739086
Ballancourt,68126.0,48.531015305094485,2.3700917174446565
Barbara,4116420.0,48.80977362917356,2.317513059741533
Barbès - Rochechouart,16737939.0,48.88368091197953,2.349825081108145
Bas,4986762.0,48.564866264721736,2.771407671862535
Bastille,30773390.0,48.85239590301798,2.369374000621483
Bel Air,20351394.0,48.791536881866534,2.2293540934396656
Belleville,17643493.0,48.87217078993462,2.3769473161082675
Bellevue,1752690.0,48.89589083856741,2.4513063578884466
Belloy,24142.0,48.90185902915712,2.132884038931804
Bercy,14102620.0,48.83644878208035,2.383713704234663
Bessancourt,128494.0,49.03527556639186,2.210300934912301
Beynes,34419.0,48.89960439348724,1.813561639030545
Bibliothèque,24042865.0,48.74677780242507,2.492164697547578
Bibliothèque François Mitterrand,16782560.0,48.829613167424206,2.3773378624469856
Billancourt,3263785.0,48.831946066869854,2.2380340350538743
Bir-Hakeim,8741784.0,48.85429821957629,2.2894626557866102
Bièvres,62202.0,48.7508724375158,2.216160339620977
Blanche,5686704.0,48.88356359703901,2.332680156962536
Boigneville,6536.0,48.34120863248327,2.378618440408667
Bois Briard,54663.0,48.67212829428705,2.48065592771168
Bois Cahué,13136.0,49.03291599064863,1.5629787829279809
Bois-Colombes,2501960.0,48.91419333706213,2.2716457094802993
Bois-le-Roi,210874.0,48.47579827317948,2.6915425676420517
Boissise-le-Roi,17762.0,48.52985734000723,2.571792914266495
Boissière,5740383.0,48.764496426452936,2.3219157274843796
Boissy-l'Aillerie,38367.0,49.07570844996079,2.0253657754898895
Bolivar,519136.0,48.880788932109226,2.3739851146160023
Bonne Nouvelle,4348184.0,48.87056240054895,2.348498722783223
Bonnières,85016.0,49.03882194564805,1.5820546885446158
Bordin,116012.0,48.94713703985557,2.164153125575179
Botzaris,1288518.0,48.879463326253095,2.3892499447966835
Botzaris - Buttes Chaumont,437888.0,48.87632574239406,2.380852572962091
Boucicaut,3157460.0,48.84096925197077,2.288137185877939
Bouffémont - Moisselles,141672.0,49.04507686338686,2.3229482529618757
Bougival,197040.0,48.85403494698579,2.1321625661240717
Boulainvilliers,591645.0,48.85697805713287,2.2748041438717475
Boulevard Victor,396668.0,48.83368707528649,2.2867108113611416
Boulogne,3271014.0,48.96288029525732,2.5930145457456684
Boulogne-Billancourt - Pont de St-Cloud,1362086.0,48.84062541906589,2.229382874542318
Bouray,236270.0,48.53290340280266,2.29007781366409
Bourg,17105800.0,48.63945457810352,2.9103831996137286
Bourg-la-Reine,5139050.0,48.78027054275945,2.312257135723546
Bourron-Marlotte - Grez,29806.0,48.33245103343327,2.6918764213837347
Bourse,2058558.0,48.86874213499783,2.3407246304437765
Boutigny,25742.0,48.43442542511452,2.3767454804354338
Breuil,68562.0,49.21658568716617,1.7234838440023834
Breuillet Village,82450.0,48.56433413402881,2.1703542573088352
Brochant,1418085.0,48.89080398756028,2.320297433687585
Brouets,1107608.0,48.98195423995123,1.6963869738247932
Brunoy,2581315.0,48.6992622665966,2.506560318470911
Bruyères-sur-Oise,25878.0,49.154966218104754,2.3253430961262174
Bry-sur-Marne,1399946.0,48.845184185998676,2.525598914675556
Bréguet-Sabin,1176646.0,48.856230932854785,2.3702646767835276
Brétigny,6119865.0,48.64586468556538,2.34666360795045
Bréval,36534.0,48.94348886903834,1.5418217423371985
Buno - Gironville,15592.0,48.37086748401693,2.386751667809506
Bures-sur-Yvette,403896.0,48.6962245884338,2.164407709534241
Buzenval,3642360.0,48.86804659942861,2.345744603041204
By,2596214.0,48.3964417839794,2.783441349755128
Bérault,1411904.0,48.84544892231649,2.429216428632542
Cadet,12857550.0,48.87598381087636,2.343679118569391
Cambronne,2723304.0,48.847655475483805,2.3019686111350577
Camp des Loges,44252.0,48.913960141405695,2.0816715298124233
Campo-Formio,566596.0,48.8355691824776,2.358605395669296
Cardinal Lemoine,1659904.0,48.84658837989424,2.3514690640037923
Carnot,21246015.0,48.866546214991885,2.34430905565628
Carrefour Pleyel,2956947.0,48.919743016432264,2.343558716515897
Censier - Daubenton,3026820.0,48.84045478633966,2.351686405540362
Centre,80842944.0,48.851570293361654,2.5247032061535823
Cergy Préfecture,2644570.0,49.03630668311582,2.079780949010297
Cergy le Haut,2918828.0,49.04823259587541,2.0115756484118688
Cernay,877008.0,48.98036301811525,2.0782696068156237
Cesson,464096.0,48.564865377683354,2.5946116489811644
Chamarande,57164.0,48.51398322532671,2.216142388792355
Champ de Course,251078.0,48.53445029300293,1.996076440084657
Champ de Mars Tour Eiffel,2293773.0,48.85646752146874,2.2896475590226864
Champagne-sur-Oise,42074.0,49.136089580273094,2.2429876678156377
Champagne-sur-Seine,57898.0,48.40726498943997,2.7989157547533368
Champigny,1979480.0,48.80684653460253,2.51051377627906
Champlan,8560.0,48.70800615064219,2.280774812238606
Champs-Elysées,2149802.0,48.628073756764785,2.4243289808235184
Changis,23249.0,48.623410105519106,2.6028318260090515
Chanteloup,486304.0,48.71265965974512,2.3102944698240173
Chapelle,3923754.0,48.817332839169204,2.338808857529767
Chaponval,6486.0,49.069127824089826,2.1410848298675518
Chardon Lagache,173759.0,48.84508829916515,2.2669054759402893
Charenton-Écoles,2908576.0,48.821392844800236,2.413804838374396
Charles Michels,9712520.0,48.85674479294774,2.27839342507743
Charonne,3410612.0,48.854617834864065,2.3854212891593245
Chars,30936.0,49.16300206691013,1.9369413489171807
Chartrettes,7076.0,48.48696357217023,2.6954624145354082
Chatou-Croissy,519644.0,48.88519684706624,2.155912338511092
Chaussée d'Antin,4993011.0,48.873518640901295,2.333329201483525
Chaville - Vélizy,934416.0,48.7996901576184,2.1834186536576152
Chelles - Gournay,2635972.0,48.874121737125634,2.5833806416969574
Chemin Vert,10657780.0,48.85998882318021,2.314773962298083
Chemin d'Antony,106398.0,48.74800797138235,2.3130794464201334
Chevaleret,3462408.0,48.834883276272485,2.367871084545132
Chevilly-Larue,2587239.0,48.75943390495899,2.3662339629975953
Choisy-le-Roi,4256824.0,48.76388665688698,2.4113146710306097
Château Landon,2528463.0,48.879981292608775,2.3626321821739107
Château Rouge,8168524.0,48.8874979248369,2.3495242212491325
Château d'Eau,42235998.0,48.70809880455228,2.400697368282063
Châtelet,396291641.0,48.827871912063586,2.375638327024636
Châtillon-Montrouge-Métro,6672636.0,48.810337252999446,2.3020296588199245
Cimetière Parisien d'Ivry,17617450.0,48.81273179526341,2.370371556918694
Cimetière de Saint-Denis,17143280.0,48.936258304105294,2.364784201534652
Cité,13795956.0,48.632776489261396,2.2706746853103588
Clamart,1244565.0,48.8140822521256,2.273559502284218
Clichy - Levallois,7414806.0,48.89750116706318,2.2974783406929062
Coignières,93136.0,48.743747989002514,1.9214184146288358
Collège La Rochefoucauld (Quai G),7166.0,48.94275271259362,3.136036533188987
Colombes,1380146.0,48.923958450304475,2.2593187577169678
Colonel Fabien,28966865.0,48.842696894671285,2.369953942926626
Commerce,3821310.0,48.833356586517034,2.368312944114231
Compans,5102.0,48.99132968754789,2.66495993551674
Concorde,35732020.0,48.851029789590264,2.396831768641222
Conflans Fin d'Oise,1898030.0,48.99131172330216,2.0761544468544244
Conflans-Sainte-Honorine,2312415.0,48.9969515612204,2.0985657265909223
Convention,9904168.0,48.894214349134444,2.320601158845778
Corbeil-Essonnes,2934351.0,48.61324688739212,2.4724433504741463
Corentin Cariou,1710498.0,48.89485576792456,2.3823393957240033
Corentin Celton,1690516.0,48.82682329514539,2.2789586605256362
Cormeilles,848350.0,48.90971328164787,2.1289670902510176
Corvisart,3399138.0,48.827672162425365,2.349900595478291
Coteaux,38487.0,48.690206487796004,2.2952714401603
Coteaux - Beauclair / Saussaie Beauclair - Domus,255874.0,48.881888100842005,2.469344362194072
Coulommiers,241215.0,48.808122381869794,3.0811660953924016
Courbevoie,715210.0,48.89861561371664,2.249189818071328
Courcelle,107090.0,48.70402382971358,2.100187451930789
Courcelles,4801944.0,48.905561455721916,2.5272951292361334
Couronnes,4053678.0,48.87655961807556,2.4118771068467186
Crimée,4720976.0,48.89084568854625,2.3770127303987816
Croix de Chavaux,2077882.0,48.857992585144345,2.435854612674582
Crouy-sur-Ourcq,26636.0,49.091889740891105,3.062669111060924
Crécy-la-Chapelle,712.0,48.8595680570203,2.9051718261747217
Créteil - L'Échat,1868768.0,48.796598618154846,2.4486720326011397
Créteil - Université,4721772.0,48.78994209982546,2.452366506574705
Créteil Pompadour,2576607.0,48.77116677955246,2.435241947878341
Créteil-Préfecture - Métro,1199054.0,48.77998001180339,2.4590034521328645
Dammartin - Juilly - Saint-Mard,165678.0,49.032311596554436,2.699259260305967
Danube,133791.0,48.881949214907024,2.3932284712274914
Daumesnil,9618720.0,48.80319405348614,2.3756597602027747
Denfert-Rochereau - Froidevaux,3767946.0,48.834411612658045,2.331168245552932
Deuil - Montmagny,442986.0,48.976017430640795,2.338457897146963
Domont,586472.0,49.0329656857893,2.3368365323507194
Dourdan,242565.0,48.5337678805703,2.0087414910773913
Dourdan la Forêt,6045.0,48.53535923944063,1.9961132239026222
Drancy,4701465.0,48.9327331786393,2.454822845234881
Dugny - La Courneuve,333447.0,48.94390620420362,2.4114912528140615
Dugommier,2951430.0,48.83888844870707,2.388781302251064
Dupleix,5411838.0,48.851030684407704,2.292649129987431
Duroc,5860204.0,48.84718242836433,2.316248947962412
Défense,3647979.0,48.81944990374799,2.26298934892109
EREA,2796214.0,48.98242637447854,3.1442282019393133
Ecole Militaire,1071159.0,48.79946357689206,2.0693577428679326
Edgar Quinet,2518205.0,48.83285989432891,2.3758362747144024
Eglise,12476464.0,48.706881241404,2.410081774226172
Eglise de Pantin,971353.0,48.89367829301948,2.4134683685747818
Emile Zola,8055773.0,48.81832924561394,2.3493693451458824
Epinay-sur-Orge,1553682.0,48.670339667093295,2.3341372294148055
Epluches,10170.0,49.052601693104,2.1158429960955685
Ermont - Eaubonne,7931976.0,48.98053386265619,2.271513560352453
Ermont Halte,132360.0,48.99074451463343,2.2631699273244728
Esbly,475096.0,48.902874804567844,2.8096128169787526
Esplanade,9012768.0,48.983082004823025,2.119533777604752
Essonnes Robinson,36358.0,48.60538450874848,2.462143364109665
Etang la Ville,85598.0,48.77420450545496,1.791294739379215
Etienne Marcel,3776154.0,48.83953001658251,2.2677936858463186
Etoile,25302300.0,48.7205435563446,2.220955667592495
Europe,19152000.0,48.81956109096729,2.2128949455085185
Exelmans,3108534.0,48.83240089358219,2.2500964662513048
Exploradôme,839052.0,48.793109015525346,2.392560199080178
Faidherbe,2116527.0,48.85643140163497,2.417602793898373
Falguière,842420.0,48.8429870134473,2.3152660807014835
Felix Faure,441230.0,48.914862859257134,2.2543928430989535
Ferme Neuve,503397.0,48.702483723850925,2.2870726656378815
Ferté Alais,25673.0,48.500687682441246,2.563056173655145
Fontaine,1358252.0,48.70974500490505,2.4488055500730064
Fontaine le Port,3852.0,48.487343740929155,2.750464465237896
Fontenay,4293652.0,48.97345807486069,2.0322943169912104
Fontenay-le-Fleury,274564.0,48.807219486563454,2.0407055042789235
Forêt,3869796.0,48.70406912139462,2.3027965668455193
Fourqueux - Bel Air,149402.0,48.89491677445186,2.070045320488206
Franconville - Le Plessis-Bouchard,1285164.0,48.99374640050224,2.234190783944526
Front Populaire,2521016.0,48.906573355286135,2.3656191877421966
Frépillon,174810.0,49.053011436637924,2.204174704438175
Funiculaire,927432.0,48.885800422739074,2.342522389164025
Gabriel Péri,60601600.0,48.83149530579421,2.3182375768558656
Gagny,1332948.0,48.8837264833563,2.525404622283843
Gaité,1403796.0,48.87837364717286,2.5381405736749683
Gallieni,41485248.0,48.834753567496946,2.36033814764216
Gambetta,79552800.0,48.85808463752102,2.3634313895796613
Garancière,56636.0,48.99102931355266,2.2262711060449445
Gare,5671806.0,48.64272080539493,2.1288155242654248
Gare d'Ecouen - Ézanville,196468.0,49.02314628776816,2.3623204008473286
Gare d'Emerainville Pontault-Combault,429320.0,48.806004985044304,2.6177394528384617
Gare d'Epinay Villetaneuse,3370156.0,48.958102309391556,2.329438247926284
Gare d'Eragny Neuville,59694.0,49.018124524143374,2.0910164196645047
Gare d'Evry Courcouronnes,1926990.0,48.62525616435184,2.428566349681455
Gare d'Issou Porcheville,21545.0,48.97930695385895,1.7838438505348337
Gare d'Issy,93248.0,48.81933735333137,2.257879462068236
Gare de Becon les Bruyères,777234.0,48.9055840406255,2.268589987393186
Gare de Bondy,1825329.0,48.89484205426047,2.47840084477831
Gare de Cergy Saint-Christophe,3684005.0,49.04984315187921,2.034355388067527
Gare de Champ de Courses d'Enghien,2467362.0,48.980287377620776,2.291986224645349
Gare de Champbenoist Poigny,66080.0,48.54510422077638,3.288311157066275
Gare de Chilly-Mazarin,213048.0,48.7001710778774,2.3080428550292833
Gare de Combs-la-Ville Quincy,3547216.0,48.66800787108074,2.548097164837008
Gare de Coudray Montceaux,6194.0,48.56618467481855,2.492418666841156
Gare de Couilly Saint-Germain Quincy,246.0,48.88265064401108,2.8540825820620346
Gare de Gagny,1722906.0,48.883454772149555,2.5266249834868275
Gare de Garches Marnes la Coquette,224443.0,48.83832052169646,2.1868906724110366
Gare de La Ferté-sous-Jouarre (Quai J),796455.0,48.950445245946845,3.1240962202546334
Gare de Lagny Thorigny (Rue R. Poincaré),2391318.0,48.88255209240691,2.709210116143435
Gare de Lyon,135611124.0,48.84420573511264,2.3736119393394297
Gare de Melun,18084468.0,48.52790017000763,2.655297378718132
Gare de Montigny Beauchamp,512402.0,49.00771781588781,2.196616019679197
Gare de Montry-Condé,14436.0,48.890205736587795,2.827200612476654
Gare de Moret Veneux les Sablons,108341.0,48.378401420335855,2.7995392674818835
Gare de Plaisir les Clayes,122043.0,48.83069026880468,1.9600576282081918
Gare de Ponthierry-Pringy,64876.0,48.53448985653145,2.5462424198242344
Gare de Santeuil le Perchay,3138.0,49.12343279105348,1.949376792427436
Gare de Sevres Ville d'Avray,298763.0,48.82718023321272,2.2006956963766084
Gare de Thiais-Orly,1607556.0,48.74647192973495,2.3719743047071122
Gare de Thieux Nantouillet,2169.0,49.00831289226357,2.680393158720982
Gare de Val d'Argenteuil,684330.0,48.95072593685539,2.232862207121234
Gare de Vanves - Malakoff,5047536.0,48.81880568653006,2.2935957706494556
Gare de Vernouillet-Verneuil (2B),228517.0,48.98083135486053,1.9823320550513022
Gare de l'Est,143781390.0,48.8761987513939,2.3581177414945884
Gare de l'Isle Adam Parmain,50878.0,49.11444104236073,2.209840528516747
Gare de la Garenne Colombes,495427.0,48.90943768115336,2.2399396464138155
Gare des Ardoines,692763.0,48.782558610333744,2.4081600235131746
Gare des Mureaux (B1),287939.0,48.99302850744016,1.9129302994754351
Gare du Nord,174466493.0,48.880644254349065,2.3568712583236167
Gare du Perray,164220.0,48.69325423099743,1.85676286671042
Gare du Raincy Villemomble,747015.0,48.88895301613973,2.512907243128211
Gargenville,80566.0,48.98300482206625,1.8091066821688375
Garges Sarcelles,1947111.0,48.976326400108675,2.3899629514257343
Garibaldi,6084080.0,48.83985446322481,2.3640054367392684
Gazeran,134256.0,48.62511291167075,1.7995648688438077
Gennevilliers,511756.0,48.9328241695328,2.307982253052791
Gentilly,1502001.0,48.81524761392988,2.3409331208851007
George V,5730176.0,48.87192662863299,2.3009794092396403
Germain,1500083.0,48.97030199998186,2.5744350404244756
Glaciere,2125628.0,48.82451348101711,2.346530247573762
Goncourt,3659395.0,48.869989777281546,2.3709064238420616
Goussainville,2091644.0,49.02353011054994,2.4626124312606743
Grand Bourg,76556.0,48.64530026963358,2.434354050912415
Grands Boulevards,10356808.0,48.87134319777414,2.3432638362295157
Gravelle - Reuilly,3193464.0,48.828326351279955,2.4050225160385237
Gretz-Armainvilliers,223920.0,48.746455104793,2.72709973851212
Grigny Centre,1131102.0,48.65484644806845,2.396786003573608
Grillons,383806.0,48.944628831823266,2.6034100857483105
Gros Noyer Saint-Prix,240288.0,48.99606912674302,2.2596915741874035
Groslay,198254.0,48.984359066992354,2.3535037852043414
Guillerval,1652.0,48.37426394332202,2.0597031046458887
Guy Moquet,2015996.0,48.698230609110375,2.4253974897110746
Guérard - La Celle-sur-Morin,7692.0,48.810776124181615,2.953784312046253
Haussmann Saint-Lazare,10916620.0,48.874998104504265,2.328671476800603
Havre-Caumartin,4860016.0,48.873610185417135,2.327587414085346
Herblay,1144131.0,48.99021746223622,2.162287283951487
Hoche,17927088.0,48.862130973059976,2.342747235609221
Houdan,176250.0,48.796045421915224,1.6021339139864694
Houilles - Carrières-sur-Seine,8819586.0,48.920361853852505,2.185180939161128
Héricy,16221.0,48.44273891838946,2.7605929373964226
Hôtel de Ville,311376955.0,48.78182834038879,2.3319467048254428
Ichy,2962892.0,48.2032669076984,2.5462432425854096
Iena,701701.0,48.865054467343136,2.2954145090573244
Igny,64968.0,48.74084886108801,2.230807643227757
Invalides,15556968.0,48.86186523583043,2.314035039385323
Issy,3096830.0,48.81933737868451,2.257883547602969
Ivry-sur-Seine,611322.0,48.81395913407228,2.391677279793279
Iéna,4486856.0,48.864725272782835,2.2942074659806657
Jacques Bonsergent,2377188.0,48.870860861473915,2.3609044635103964
Jasmin,3699122.0,48.80183921747447,2.273409522478255
Jaurès,24999300.0,48.89764432210177,2.317972273345598
Javel,8085344.0,48.84637813361712,2.2777784183535874
Joinville-Le-Pont,1062019.0,48.821265815201706,2.463873245818986
Jourdain,4536930.0,48.874602447195066,2.3892511343254843
Jouy-en-Josas,100988.0,48.76476006836402,2.16444783685881
Jules Joffrin,664678.0,48.892492268188356,2.3443200293804827
Jussieu,13933348.0,48.868426432340385,2.5312209262100436
Juvisy,24703248.0,48.68977625026147,2.3832149653128454
Juziers,50556.0,48.99224048724754,1.8449525723848175
Kleber,307287.0,48.871905814547205,2.2936040221781155
L'Escale,3750174.0,49.00203544575963,1.8942895988232338
L'Etang - Les Sablons,25256.0,48.87229783527951,2.0688880875089364
L'Haÿ-les-Roses,2160474.0,48.77522960546609,2.3542666472609817
L'Isles,13982.0,48.69956918128793,2.164830974876778
La Barre Ormesson,468744.0,48.96622400817837,2.316715923147518
La Celle-Saint-Cloud Gare SNCF,1391092.0,48.84299965697311,2.1384008599066684
La Chapelle,29933484.0,48.895144698667345,2.170203302899369
La Courneuve - Aubervilliers RER,20833022.0,48.92332904483122,2.38491661750734
La Croix de Berny,4459788.0,48.762144487006324,2.303568520682608
La Dhuys,2753586.0,48.890589472773655,2.5069030306689135
La Défense,96911946.0,48.892335429586076,2.2382942996178508
La Ferté-sous-Jouarre,264112.0,48.95078183000325,3.1247046069843294
La Fourche,9869872.0,48.82642907849497,2.327770199755447
La Frette - Montigny,226752.0,48.98011186430875,2.1803883628811316
La Grande-Paroisse,9772.0,48.378632352996014,2.8963829010961364
La Hacquinière,210153.0,48.695295895623495,2.1515653192121906
La Motte-Picquet - Grenelle,12109758.0,48.84930066578556,2.2987179103193287
La Muette,3488696.0,48.84496391303239,2.195299199966069
La Plaine - Stade de France RER,3005920.0,48.91871621862558,2.361810739854288
La Plaine Stade de France,9086748.0,48.91807183661254,2.3621142872566567
Lac,3404335.0,48.765397675296995,2.2971727595314313
Lagny - Thorigny,1730012.0,48.88219041796129,2.7059554888629287
Lamarck - Caulaincourt,3395885.0,48.8896194140864,2.339336886074901
Laplace,2882196.0,48.80836990382954,2.334369896525647
Lardy,68198.0,48.5204120470869,2.2547598818066303
Laumière,6437670.0,48.885185324321135,2.380504622992246
Le Blanc-Mesnil,1856235.0,48.93230248957775,2.4753893003620333
Le Bourget,14771280.0,48.93070931245619,2.424897913395376
Le Bras de Fer,589344.0,48.62294250504879,2.4511196130280166
Le Guichet,912651.0,48.705497398801505,2.193011063898314
Le Kremlin-Bicêtre - Métro,3652200.0,48.81026599004699,2.3622854863931537
Le Parc,15382899.0,48.79535995220178,2.3763110096153475
Le Parc de Saint-Maur RER,3726572.0,48.804594606113625,2.4861120329108353
Le Peletier,1933131.0,48.87473472565264,2.33963531480419
Le Plessis Chenet,6088.0,48.57385575665241,2.479425065823907
Le Rû,1500612.0,48.86437129428543,2.6634464747097932
Le Vert de Maisons,1113044.0,48.78875247230242,2.432094500005272
Le Vésinet-Centre,765186.0,48.89014193920617,2.13431345326821
Ledru-Rollin,1712026.0,48.85126525449685,2.3760330685271414
Les Agnettes,5077752.0,48.92318013789038,2.286388341875017
Les Baconnets,2164885.0,48.740400078506966,2.286285232537502
Les Boullereaux,536698.0,48.82513172513235,2.511854026234719
Les Closeaux St-Spire,3329058.0,48.62253871386916,2.3738207804946003
Les Courtilles,13054622.0,48.93034494836532,2.283649354185536
Les Essarts le Roi,62044.0,48.72164292096573,1.8895677365836496
Les Fées,330990.0,48.7870862854681,2.2610305044076195
Les Gobelins,6817096.0,48.83649349881375,2.3518678954713623
Les Halles,8889640.0,48.86251574997039,2.346066530868495
Les Portes de Saint-Cyr,10088.0,48.80660251400869,2.0771552914153855
Les Sablons,46166840.0,48.81188145286495,2.457740835394683
Les Saules,2075615.0,48.90610521869561,2.2806884952246627
Les Yvris Noisy-le-Grand,10549400.0,48.82331988243759,2.5804373476297093
Liberté,17015908.0,48.75158771939848,2.474132884433248
Lieusaint - Moissy,2356328.0,48.62851370913234,2.5694965814496267
Limay,86494.0,48.9842049225183,1.7476802193328402
Lisière Pereire,137616.0,48.90323757943427,2.073182116647064
Livry-sur-Seine,18846.0,48.51034112589498,2.6789309906016494
Lizy-sur-Ourcq,46612.0,49.02183085247917,3.0318836026438722
Liège,1620572.0,48.87970470182643,2.328057006276887
Lognes,1269123.0,48.839260610146304,2.6330453374760356
Longjumeau,108372.0,48.69953738045564,2.3127813264511663
Longueville,203320.0,48.5138064599635,3.2500769403301186
Louis Blanc,5019390.0,48.865161751106115,2.417885970984735
Louise Michel,11477006.0,48.86225553906904,2.306592626530691
Lourmel,1658898.0,48.83879330531738,2.2823309681957045
Louveciennes,317312.0,48.86116603124637,2.122780173473946
Louvres,2073304.0,49.04923753970739,2.5016139163695605
Lozère,453009.0,48.70590173818297,2.2126902896821954
Lucie Aubrac,745741.0,49.061142232092095,2.6729856152612452
Luxembourg,19710899.0,48.8568909858336,2.338548932410372
Luzarches,56178.0,49.11711310948505,2.420117642181265
Lycée St Christophe,118984.0,49.04493330628624,2.0309981739682486
Mabillon,834220.0,48.85290204081759,2.3351148186705832
Madeleine,31138960.0,48.88643466023771,2.491094965214037
Magenta,6983928.0,48.88683159858436,2.367700812594762
Mai,531426.0,48.71685991972526,2.5271718697481336
Mairie,1474863636.0,48.78995918835464,2.4060364258044706
Mairie d'Aubervilliers,10369002.0,48.914328841255504,2.3812668824171936
Mairie d'Ermont,3355436.0,48.9911365626655,2.2582040692484515
Mairie d'Issy,11923630.0,48.82494594657889,2.2734054003615314
Mairie d'Ivry,1412154.0,48.811210093379536,2.383498053635828
Mairie de Clichy,6407150.0,48.90307502005532,2.3051638043779947
Mairie de Vitry-sur-Seine,3029292.0,48.78962978200784,2.388874479131526
Mairie des Lilas,5549117.0,48.87967033015986,2.4161481701031384
Maison Blanche,21036255.0,48.83826004221484,2.313029960903568
Maisons-Alfort - Les Juilliottes,2805640.0,48.80316245176944,2.44587239176665
Maisons-Laffitte,3234156.0,48.94549786540381,2.1449971023125443
Maisse,35730.0,48.39368773248899,2.393475729713171
Malesherbes,3613840.0,48.58821997927821,2.355198134677003
Mantes Station,786485.0,48.983121592001275,1.7153952351684292
Mantes-la-Jolie,2488288.0,48.989215589717304,1.7037840183917736
Maraichers,2492172.0,48.85274435736792,2.4064608684286153
Marcel Sembat,20629824.0,48.84896620275365,2.2977448370905305
Marché de Saint-Denis,31133088.0,48.93879137757517,2.3560631572024
Mareil-Marly,61120.0,48.88104250403859,2.0791361477959738
Mareuil,7177.0,48.8996351023799,2.8582381593140425
Marles-en-Brie,59238.0,48.73488116406226,2.8688695853541555
Marly-le-Roi,482028.0,48.87153363378476,2.0965008632951214
Marolles,219388.0,48.58148712906279,3.245820991639426
Marx Dormoy,7562180.0,48.78692687237627,2.4169530801125836
Massy - Palaiseau RER,5564320.0,48.72497528948981,2.259846746519395
Massy Europe,92244.0,48.72349961333845,2.2726290062107015
Massy-Verrières,38084.0,48.73432521551298,2.2742051347228274
Maule,63579.0,48.90939702548309,1.8569001153289733
Maurecourt,110636.0,48.98662825841097,2.0595909474832133
Mennecy,350764.0,48.570631204440105,2.4322986207205917
Meudon,763164.0,48.81441614578196,2.2430504640735123
Meudon Val Fleury,696044.0,48.80758396399712,2.240961882209454
Meulan - Hardricourt,114868.0,49.00585489265247,1.9023415442909877
Michel Bizot,1896168.0,48.83694946121993,2.4026297893789543
Michel-Ange - Molitor,1488468.0,48.845114141222886,2.261784126597538
Michel-Ange Molitor,738689.0,48.845234719937935,2.261466453469293
Mirabeau,1309684.0,48.860955521985225,2.3607418475848427
Miromesnil,5542976.0,48.87359010999443,2.3153203165187413
Mitry-Claye,273119.0,48.975766719054235,2.6424969673572978
Monceau,3214656.0,48.78709054071527,2.326821488191245
Monnerville,3134.0,48.34863588579416,2.032496239337851
Montereau,2313192.0,48.43230193009159,2.8738124384014476
Montgallet,1330160.0,48.84416537448058,2.390309568000235
Montgeron Crosne,411924.0,48.70863508635638,2.4615326187109856
Montgeroult,8040.0,49.07334823876035,2.0357732660267094
Montparnasse,30766770.0,48.8436469997585,2.323505483015176
Montreuil,4832616.0,48.80559125885903,2.1502296523533015
Montrouge,2823788.0,49.023753714450116,2.000258620202925
Montry - Condé,210.0,48.891098213206355,2.8255986056442777
Mormant,87476.0,48.61411162426546,2.888055582245013
Mortcerf,29139.0,48.789434346527095,2.907588263840111
Moulin Galant,135816.0,48.587097310488524,2.473320729518637
Mouroux,20282.0,48.81865633231703,3.041054125519957
Moutiers,55906.0,48.61017553033663,1.9721330778563502
Mouton-Duvernet,827524.0,48.83135979731884,2.3298389941155797
Musée d'Orsay,4479160.0,48.86054105996183,2.325797978801273
Médiathèque des Chartreux,1091430.0,48.822987413655184,2.2540314281330684
Ménilmontant,1903036.0,48.866415153449914,2.383485028504897
Mériel,65050.0,49.07767669444397,2.2054396340723863
Méry-sur-Oise,107856.0,49.05834972293593,2.1914510004105052
Nangis,172682.0,48.561941531432765,3.0119869420379244
Nanterre Préfecture RER,5186554.0,48.896490261869445,2.221961050548831
Nanterre Université,148180.0,48.90123102805744,2.2135528676849563
Nanterre-La Folie RER,561912.0,48.89949401506174,2.2275156899457054
Nanterre-Ville,1097699.0,48.89504987423765,2.1952039509304644
Nanteuil Saacy,55076.0,48.97396288946813,3.2195459376866187
Nation,52001415.0,48.84828023673897,2.396178250499695
Nationale,2481744.0,48.83306561895713,2.362611094501241
Nemours Saint-Pierre,116791.0,48.268498179465205,2.6851403583148072
Neuilly-Plaisance RER,15626790.0,48.853256708641325,2.51373018420481
Neuville Université,671998.0,49.013742718928995,2.078348821290545
Nogent-le-Perreux RER,1150719.0,48.83823135840823,2.4942899443873
Nogent-sur-Marne,1628702.0,48.834219970347206,2.4716892160148913
Nointel Mours,31563.0,49.13278346722326,2.2800494213725973
Noisiel,3335404.0,48.84357441770491,2.616544337268911
Noisy le Sec,1284046.0,48.89670727752092,2.4599497125007894
Noisy-Champs,1562607.0,48.84294654669949,2.5802071311911536
Noisy-Champs RER - Descartes,580594.0,48.84312433898007,2.5825510408259116
Noisy-le-Roi,64484.0,48.841266131954356,2.061600841452587
Noues,101213.0,48.576450289272955,2.356938038755007
Nézel - Aulnay,11154.0,48.93902348992686,1.8403664176784507
Oberkampf,4609968.0,48.86471868732366,2.3683775868649777
Oberkampf - Filles du Calvaire,1174314.0,48.86221700265551,2.367028280105472
Odéon,6081556.0,48.85206276349979,2.3400783018688722
Olympiades,6311996.0,48.82707504214616,2.3671246277379634
Opéra,32668370.0,48.87114444956194,2.3318436373460605
Orgerus Béhoust,22767.0,48.82657998726531,1.703219210873385
Orly Ville,808535.0,48.74168106515853,2.4031522167862933
Orsay-Ville,366551.0,48.69749378761521,2.180747280127773
Osny,3359632.0,49.06303483923404,2.0578745186383416
Ourcq,3663444.0,48.88714474631597,2.3869868451028973
Ozoir-la-Ferrière,614958.0,48.770779263247526,2.6901331351539866
Palais,3793960.0,48.77520759962344,1.8069696857144482
Palais Royal - Comédie Française,9928780.0,48.86395967027306,2.3351338603144587
Palaiseau,1093404.0,48.71678176513338,2.245535207655699
Pantin,5680470.0,48.89810759149115,2.4010878119679027
Parc,227424.0,48.95032000065936,2.469411021314593
Parc de Sceaux,710265.0,48.77307598083353,2.3074199054485045
Parmentier,12506066.0,48.88436013422359,2.381754217480613
Passy,5523186.0,48.639487516627504,2.4940772142281364
Pasteur,88748025.0,48.817545518633956,2.339218046643557
Pelleport,438678.0,48.865979693704396,2.403295150671697
Pereire,1894323.0,48.886486166064536,2.2581804177007583
Pereire Levallois,632409.0,48.885307006722606,2.2986256202825714
Pernety,3543650.0,48.8339281516255,2.31802219864549
Perret,1264940.0,48.93566056843545,2.052745209834625
Persan - Beaumont,3327860.0,49.147661536194654,2.2778621147320925
Petit,18028.0,49.16390359678607,1.7797792573563909
Petit Vaux,41976.0,48.67654071489159,2.333961811369468
Picasso,7574268.0,48.918198127407294,2.3718309117792757
Picpus,1999212.0,48.84514535069733,2.4017509730011724
Pierre Curie,13504785.0,48.86319130141919,2.322926534181681
Pierre et Marie Curie - Métro,959102.0,48.81556669145708,2.3763853371438985
Pierrefitte,2119780.0,48.429230761978104,2.1048325557526253
Pierrelaye,215378.0,49.01915103562234,2.154626665902348
Pigalle,10129609.0,48.88221053049458,2.337576924890385
Place,50810175.0,48.71383756733242,2.4744741106020403
Place Monge,1443240.0,48.842674974999696,2.352080229377121
Place d'Italie,25083520.0,48.829929175325574,2.356001111329743
Place de Clichy,19370790.0,48.88338995871599,2.3274181135771213
Plaisance,5331940.0,48.86130469266675,2.2895124191269973
Plaisir - Grignon,1033023.0,48.83196939963247,1.9438590623500005
Poissonnière,1578882.0,48.87712227836677,2.348766871337356
Poissy,6076510.0,48.93322736896995,2.0408062508589486
Pompe - Mairie du 16e,2751612.0,48.863815115484776,2.27723348867195
Pont,10524040.0,48.753343674615145,2.4787508058492675
Pont Cardinet,42096576.0,48.887997145848715,2.3136463440928856
Pont Marie,433274.0,48.85380692346439,2.356690960000734
Pont Neuf,3700753.0,48.8451972428472,2.222778192764839
Pont Petit,28936.0,49.061132945880956,2.131563541166992
Pont de Charenton,1724280.0,48.818079379614794,2.419639311346962
Pont de Neuilly,11807222.0,48.88507297972825,2.259510484907184
Pont de Rungis,22946.0,48.74612701122682,2.3685512921085623
Pont de Sèvres,23783460.0,48.829606619045286,2.230425771618511
Pont de l'Alma,1868799.0,48.86247370436641,2.3000766599973814
Pontoise,7954910.0,49.04673391764315,2.0951416751360794
Porchefontaine,895860.0,48.797501069887566,2.15747230588971
Port,10437578.0,48.77460540186861,2.4568751194652174
Port Royal,9722622.0,48.805161022787914,2.2461005187357768
Porte Dauphine,1774146.0,48.87124850933486,2.276659100214528
Porte Dorée,5970248.0,48.83534552617963,2.406643829360264
Porte Maillot,12036468.0,48.87773946584352,2.280130985973314
Porte d'Auteuil,1576899.0,48.84748098285974,2.258049050175036
Porte d'Italie,2929983.0,48.819252324557354,2.3596310615555574
Porte d'Ivry,2898357.0,48.82143086680693,2.369932233983654
Porte d'Orléans,42744780.0,48.822487993315946,2.32546470035416
Porte de Bagnolet,6434323.0,48.864220076368206,2.4091383534101567
Porte de Choisy,8934588.0,48.81985448810448,2.3647579236398992
Porte de Clichy,32647368.0,48.894463320387565,2.313487949985032
Porte de Pantin,8818719.0,48.88882407665555,2.393899416050569
Porte de Saint-Ouen,1749920.0,48.89764977004562,2.329279969500963
Porte de Saint-Ouen - Hôpital Bichat,1883165.0,48.89957417799253,2.329818193939223
Porte de Vanves,11527910.0,48.82731771508587,2.305590428523095
Porte de Versailles - Parc des Expositions,865052.0,48.8326607899489,2.2880531115186633
Porte des Lilas,20578539.0,48.87692166566203,2.407820012153041
Presles,26413.0,48.96374239408878,1.8927548036178017
Provins,141350.0,48.5554906845258,3.302239116442089
Pré-Saint-Gervais,282522.0,48.880164410735944,2.3983489127971533
Puteaux,1228936.0,48.88315563417211,2.2335092298215624
Pyramides,12637816.0,48.8373551773595,2.3457600530661584
Père Lachaise,7800933.0,48.86266882043161,2.3870629633526748
Quai de la Gare,5318784.0,48.83700549743983,2.3731579210634535
Quai de la Rapée,1604616.0,48.84593783197181,2.367425847789879
Quatre Septembre,1218141.0,48.846416679602534,2.3855992212095534
RN,63397.0,49.02003945468913,2.5877951126521874
Rambouillet,2960202.0,48.71094077412588,2.015439045564342
Rambuteau,1347942.0,48.8611901569367,2.353273948594771
Ranelagh,2884925.0,48.85518327357273,2.27140819660301
Raspail,2905476.0,48.8292179547658,2.426962973155744
Rennes,566880.0,48.84826153606363,2.327903935177658
Republique,4296079.0,48.86725943151369,2.364785876547561
Richard-Lenoir,1072386.0,48.85986830264096,2.371881885282108
Richelieu - Drouot,8453165.0,48.871851543396346,2.338869211347364
Rie,1498116.0,48.87171423432708,2.6816526166390067
Riquet,2949606.0,48.88876765781717,2.3718835013475355
Ris-Orangis,671716.0,48.65884372188947,2.4155382504174576
Robespierre,14783025.0,48.84112608697376,2.3585532982865614
Robinson,3753448.0,48.8397280167109,2.2880182192048166
Roger Salengro - Fontainebleau,1716849.0,48.81482486248089,2.361084882162785
Roissy-en-Brie,1326824.0,48.79563440960668,2.650415511948346
Rome,2428884.0,48.857454014292955,2.530366726011124
Roosevelt,14493432.0,48.90750109658166,2.370655698957897
Rosa Parks,11848743.0,48.91510740519784,2.4071673270467437
Rosny Bois Perrier,887308.0,48.88251561703203,2.4811978240266646
Rosny-sous-Bois,1875108.0,48.869904296951084,2.4857608499488655
Rosny-sur-Seine,38812.0,48.997517461592,1.6298170854299172
Route de Tacoignières,38702.0,48.82546092389752,1.6429014880041626
Rue Saint-Maur,2646840.0,48.86420713746212,2.379977662115196
Rue de Sarcelles,1071498.0,48.9839503773446,2.367082757965816
Rue de la Pompe,3193660.0,48.90130421022685,2.070377096228868
Rue du Bac,2882875.0,48.940666454682045,2.2732492138608418
Rueil-Malmaison,8494270.0,48.887664779414465,2.172420375568712
Rungis,63692.0,48.82268222387431,2.3471661183603167
Saint Martin,165600.0,48.988021296526334,1.8666836669878675
Saint-Ambroise,5174512.0,48.86177827560167,2.3752247799590367
Saint-Augustin,5984260.0,48.87467377366512,2.3203635028729224
Saint-Cyr,145143.0,48.79899170262152,2.073323522014169
Saint-Denis - Pleyel,2073400.0,48.91801860144003,2.3450252360922144
Saint-Fargeau,1134602.0,48.78425412990783,2.443918976962031
Saint-Georges,1073036.0,48.878380368099535,2.3375248779264206
Saint-Germain-en-Laye,110670.0,48.89973567470235,2.0950757143200778
Saint-Gratien,637402.0,48.96363446141568,2.285904618283936
Saint-Jacques,975824.0,48.83288661636596,2.337125454915251
Saint-Lazare,164473472.0,48.875423473363995,2.3253900553309945
Saint-Marcel,996074.0,48.83850798651093,2.360728726652698
Saint-Michel,20018292.0,48.704209939782636,2.3309331589308724
Saint-Michel Notre-Dame,10893935.0,48.853024031213245,2.3450032263287897
Saint-Nom-la-Bretèche Forêt de Marly,49496.0,48.867113144178475,2.0511629907032387
Saint-Paul,7581735.0,48.9377309362514,2.3305434190645413
Saint-Placide,1777996.0,48.847024062585675,2.326952388869082
Saint-Quentin - Gare Routière des Prés,6133280.0,48.78785332456006,2.046269496595188
Saint-Sulpice,2725832.0,48.85100172479629,2.3318104537032243
Sainte Colombe,16928.0,48.943804603552096,1.8644327082233212
Sainte Geneviève,1624544.0,48.99444841136234,2.3882964991957625
Sannois,840814.0,48.97099181793089,2.263818716946275
Sartrouville,6612245.0,48.937724573790504,2.157163595819053
Savigny-le-Temple - Nandy,1657544.0,48.59558850621704,2.5839351935206687
Savigny-sur-Orge,1278830.0,48.6763585638039,2.3523274630799733
Sceaux,578610.0,48.781299274294184,2.2979438513355817
Segur,1443220.0,48.846717657383714,2.3071498240381714
Sentier,3898145.0,48.90180858915492,2.289655047419442
Sermaise,12672.0,48.5356876249098,2.0690884686772444
Seugy,10590.0,49.119127669439536,2.400958634907904
Sevran - Livry,3143360.0,48.93641028547597,2.535284884775172
Sevran Beaudottes,1715242.0,48.94689679140587,2.524773586950915
Simplon,2914492.0,48.894193656189955,2.3475072114608233
Solférino,3692451.0,48.91039347028411,2.269500676998354
Soult,292750.0,48.78434240530433,2.1134953150232967
Souppes - Château-Landon,120364.0,48.181091931822095,2.735989121154897
Stade,49320128.0,48.7756932139909,2.405592207893648
Stains la Cerisaie,398438.0,48.95473095415764,2.391778426287431
Stalingrad,36813250.0,48.82428542723327,2.3300493790419536
Sucy Bonneuil,717512.0,48.77216697330933,2.5074720911779305
Sully Morland,505144.0,48.851740680148644,2.363843928633476
Suresnes,1215492.0,48.85941678978954,2.19326480213024
Survilliers - Fosses,757644.0,49.09950517364223,2.5254037877704363
Sèvres-Lecourbe,2146100.0,48.845195799460484,2.309928035248194
Taverny,248742.0,49.02494584168541,2.222367829266644
Telegraphe,584604.0,48.875517869861575,2.398348051145877
Temple,1625292.0,48.91978827358108,2.257608792735258
Ternes,5106556.0,48.8782154019366,2.2984212186331487
Thomery,66840.0,48.39566300233501,2.7642746849356032
Thun le Paradis,71612.0,49.00664471931373,1.9190153346002292
Tolbiac,1353094.0,48.82614504953483,2.3571685034756764
Torcy,4698960.0,48.839723732661525,2.6552007519968766
Tour,1952264.0,48.81796618064732,2.2218661644954745
Tournan,427881.0,48.739444993977024,2.7588205295212638
Trappes,1666960.0,48.77478512835528,2.006521715288412
Triel-sur-Seine,142272.0,48.98144057334778,2.0056491807309342
Trilport,137398.0,48.960224258354444,2.949848286589898
Trinité,3384787.0,48.83536148786819,2.2632363283747776
Trocadéro,23909280.0,48.863463104088225,2.2877484460649318
Tuileries,3017835.0,48.718777911837996,2.3129272086789308
Us,11828238.0,49.10003036506077,1.9705390744921831
Vaires Torcy,247534.0,48.875231875237006,2.637822811359765
Val,1103790.0,48.98704133442605,2.156904832864612
Val d'Europe,6424820.0,48.85492348587641,2.772695098881289
Val d'Or,1825688.0,48.902408827855744,2.2046015274603015
Val de Fontenay,13821374.0,48.85429891470294,2.4890636573393863
Valmondois,246528.0,49.09105996225495,2.2019030598073397
Vaneau,507676.0,48.84879753843118,2.321289479775338
Vanves - Malakoff,698468.0,48.818388944457745,2.2920682233685064
Varenne,1764964.0,48.85662459268308,2.3150457887729994
Vauboyen,62100.0,48.757865906169435,2.201992279163244
Vaucelles,139548.0,49.0214992590908,2.229877940523126
Vaucresson,312426.0,48.836604085305616,2.1527509130167233
Vaugirard,4743420.0,48.83886465327377,2.2477771686989154
Vaux-sur-Seine,68172.0,49.00737338267897,1.9628660384852052
Vavin,3432948.0,48.84198054810748,2.329161266455021
Vernou-sur-Seine,13416.0,48.38677556564955,2.842335064919506
Versailles,16306985.0,48.783435676324416,1.9580508524260034
Vert Galant,7624056.0,48.98955045583842,2.321647225614788
Viarmes,20300.0,49.11664495076098,2.3682225759949573
Victor Hugo,86210808.0,48.8154528774603,2.3653682006139922
Vigneux,1170536.0,48.991945827343834,1.8165614900118534
Villabé,41016.0,48.59277417570386,2.4614208012952727
Villaines,6909.0,49.07922702845139,2.3505146353254367
Ville,7499578.0,48.77619788422552,2.129998127893442
Villeneuve,18092074.0,48.7389588814114,2.136282802424885
Villeneuve Triage,400320.0,48.745008623768626,2.4397136806594455
Villennes-sur-Seine,171960.0,48.93983157881581,1.9995746098805045
Villeparisis - Mitry-le-Neuf,2551455.0,48.953240795933986,2.6030740517594597
Villepinte,698562.0,48.962536148546,2.512770100645543
Villepreux,383414.0,48.8407717665837,2.146603462960485
Villiers,13984872.0,48.86263880468373,2.305620823014605
Villiers le Bel - Gonesse - Arnouville RER,6649704.0,48.994815848718204,2.4168534356238798
Villiers-sur-Marne - Le Plessis-Trévise RER,8206281.0,48.82372287968118,2.5435205107384933
Vincennes,10034562.0,48.847348105856604,2.4325356213004854
Viroflay Rive Gauche,4035186.0,48.80067003859946,2.171585511740181
Viry-Châtillon,512352.0,48.67591242028536,2.387038204858029
Vitry-sur-Seine,837044.0,48.80022709206867,2.4026950056378182
Volontaires,1114824.0,48.84146998576094,2.3079485434684535
Voltaire,36886720.0,48.84953475001067,2.341279820892994
Vosves,5042.0,48.51513839696885,2.599704562973603
Vulaines-sur-Seine - Samoreau,14754.0,48.430398514676234,2.753110418949808
Wagram,3015708.0,48.90647092584995,2.2541878044607593
Y,2287198.0,48.684132690052536,2.202788462393054
Yerres,2121610.0,48.70647207979571,2.4833414511858143
Yvette,124109.0,48.72974077954926,2.2287550020273867
École,10902052.0,48.902600703985335,2.1529668045861627
Épinay-sur-Seine,554600.0,48.95404616922622,2.302360765544564
Épône - Mézières,258056.0,48.963408937000935,1.8093780048906667
Étampes,1028930.0,48.437146389505024,2.159973632236523
